run_id,seed,width,height,vacancy_rate,group_split,preference_diversity,preference_lower,preference_upper,initial_preference_mean,initial_preference_std,mobility,behaviour,social_influence,influence_strength,max_iterations,final_segregation_index,iterations,stabilised,stabilisation_time,final_satisfaction_rate,total_moves,total_preference_updates,final_preference_mean,final_preference_std
f3912bcebd271239,0,40,40,0.1,0.5,homogeneous,0.5,0.5,0.5,0.0,1,random,False,0.1,150,0.6713004298941779,150,False,,0.8708333333333333,13623,0,0.5,0.0
6563d1c335c46f7a,1,40,40,0.1,0.5,homogeneous,0.5,0.5,0.5,0.0,1,random,False,0.1,150,0.6648247354497339,150,False,,0.8756944444444444,15389,0,0.5,0.0
bd63a6d0dfbf10f1,2,40,40,0.1,0.5,homogeneous,0.5,0.5,0.5,0.0,1,random,False,0.1,150,0.6637326388888856,150,False,,0.875,14910,0,0.5,0.0
5a2133933695a624,3,40,40,0.1,0.5,homogeneous,0.5,0.5,0.5,0.0,1,random,False,0.1,150,0.6529588293650783,150,False,,0.8645833333333334,15239,0,0.5,0.0
f405508d8be443d6,4,40,40,0.1,0.5,homogeneous,0.5,0.5,0.5,0.0,1,random,False,0.1,150,0.6551917989417975,150,False,,0.8645833333333334,14659,0,0.5,0.0
1573dd8f11235d15,5,40,40,0.1,0.5,homogeneous,0.5,0.5,0.5,0.0,1,random,False,0.1,150,0.6604332010581994,150,False,,0.8652777777777778,14790,0,0.5,0.0
5658915a9ac0dac3,6,40,40,0.1,0.5,homogeneous,0.5,0.5,0.5,0.0,1,random,False,0.1,150,0.6798536706349176,150,False,,0.8819444444444444,14582,0,0.5,0.0
c041728832822c9d,7,40,40,0.1,0.5,homogeneous,0.5,0.5,0.5,0.0,1,random,False,0.1,150,0.6696759259259234,150,False,,0.8819444444444444,15098,0,0.5,0.0
5e77c6aa70ba7aa0,8,40,40,0.1,0.5,homogeneous,0.5,0.5,0.5,0.0,1,random,False,0.1,150,0.6590831679894152,150,False,,0.8645833333333334,16318,0,0.5,0.0
c0343e95b8a46e0b,9,40,40,0.1,0.5,homogeneous,0.5,0.5,0.5,0.0,1,random,False,0.1,150,0.6576554232804209,150,False,,0.8722222222222222,13745,0,0.5,0.0
883332e92da254cc,0,40,40,0.1,0.5,homogeneous,0.5,0.5,0.5,0.0,1,improving,False,0.1,150,0.6239219576719556,7,True,7,0.7986111111111112,420,0,0.5,0.0
c5285e46e10ecdef,1,40,40,0.1,0.5,homogeneous,0.5,0.5,0.5,0.0,1,improving,False,0.1,150,0.6089550264550248,8,True,8,0.7902777777777777,415,0,0.5,0.0
1ef05de04739213a,2,40,40,0.1,0.5,homogeneous,0.5,0.5,0.5,0.0,1,improving,False,0.1,150,0.6156456679894156,9,True,9,0.7972222222222223,393,0,0.5,0.0
163e46080b046fdc,3,40,40,0.1,0.5,homogeneous,0.5,0.5,0.5,0.0,1,improving,False,0.1,150,0.6192848875661353,9,True,9,0.79375,398,0,0.5,0.0
ccac9935790f970b,4,40,40,0.1,0.5,homogeneous,0.5,0.5,0.5,0.0,1,improving,False,0.1,150,0.6239161706349196,10,True,10,0.7951388888888888,414,0,0.5,0.0
2ab472eb1f11943e,5,40,40,0.1,0.5,homogeneous,0.5,0.5,0.5,0.0,1,improving,False,0.1,150,0.623391203703702,7,True,7,0.8006944444444445,418,0,0.5,0.0
b6e104f9486190bf,6,40,40,0.1,0.5,homogeneous,0.5,0.5,0.5,0.0,1,improving,False,0.1,150,0.6305200066137537,8,True,8,0.8027777777777778,413,0,0.5,0.0
547e9f49fe4df1b5,7,40,40,0.1,0.5,homogeneous,0.5,0.5,0.5,0.0,1,improving,False,0.1,150,0.6226479828042311,7,True,7,0.8076388888888889,407,0,0.5,0.0
84141fe4c92919b6,8,40,40,0.1,0.5,homogeneous,0.5,0.5,0.5,0.0,1,improving,False,0.1,150,0.6087880291005269,8,True,8,0.7902777777777777,371,0,0.5,0.0
fc11ccadbb0aad9c,9,40,40,0.1,0.5,homogeneous,0.5,0.5,0.5,0.0,1,improving,False,0.1,150,0.6159374999999979,9,True,9,0.8013888888888889,365,0,0.5,0.0
28d32c6c8f3546cf,0,40,40,0.1,0.5,homogeneous,0.5,0.5,0.5,0.0,1,best_fit,False,0.1,150,0.6603546626984104,150,False,,0.8722222222222222,13322,0,0.5,0.0
a4b9b33678a66147,1,40,40,0.1,0.5,homogeneous,0.5,0.5,0.5,0.0,1,best_fit,False,0.1,150,0.6604968584656065,150,False,,0.8680555555555556,13857,0,0.5,0.0
fc77981933536e3d,2,40,40,0.1,0.5,homogeneous,0.5,0.5,0.5,0.0,1,best_fit,False,0.1,150,0.6795081018518493,150,False,,0.8909722222222223,15313,0,0.5,0.0
4fa63724dca55aac,3,40,40,0.1,0.5,homogeneous,0.5,0.5,0.5,0.0,1,best_fit,False,0.1,150,0.6569700727513199,150,False,,0.88125,11707,0,0.5,0.0
3b47880ee53344ce,4,40,40,0.1,0.5,homogeneous,0.5,0.5,0.5,0.0,1,best_fit,False,0.1,150,0.6680175264550243,150,False,,0.8625,13233,0,0.5,0.0
3716ca01bd4b4946,5,40,40,0.1,0.5,homogeneous,0.5,0.5,0.5,0.0,1,best_fit,False,0.1,150,0.6717088293650768,150,False,,0.8673611111111111,15304,0,0.5,0.0
ac28b741cfafdbab,6,40,40,0.1,0.5,homogeneous,0.5,0.5,0.5,0.0,1,best_fit,False,0.1,150,0.6790691137566116,150,False,,0.8784722222222222,15370,0,0.5,0.0
13f5aedb2846933b,7,40,40,0.1,0.5,homogeneous,0.5,0.5,0.5,0.0,1,best_fit,False,0.1,150,0.6732820767195749,150,False,,0.8708333333333333,13653,0,0.5,0.0
90a6cdf8b9ad4096,8,40,40,0.1,0.5,homogeneous,0.5,0.5,0.5,0.0,1,best_fit,False,0.1,150,0.6662342923280401,150,False,,0.8770833333333333,14087,0,0.5,0.0
e1ba79be884b5f44,9,40,40,0.1,0.5,homogeneous,0.5,0.5,0.5,0.0,1,best_fit,False,0.1,150,0.6563128306878286,150,False,,0.8680555555555556,13860,0,0.5,0.0
52d5dbdec601d71f,0,40,40,0.1,0.5,homogeneous,0.5,0.5,0.5,0.0,3,random,False,0.1,150,0.8023222552910048,150,False,,0.9965277777777778,2560,0,0.5,0.0
2f5568e42bd25a47,1,40,40,0.1,0.5,homogeneous,0.5,0.5,0.5,0.0,3,random,False,0.1,150,0.7937483465608455,150,False,,0.9951388888888889,2933,0,0.5,0.0
d5bd127f95b7c729,2,40,40,0.1,0.5,homogeneous,0.5,0.5,0.5,0.0,3,random,False,0.1,150,0.7934788359788356,150,False,,0.9944444444444445,2868,0,0.5,0.0
4881cd410824c5ea,3,40,40,0.1,0.5,homogeneous,0.5,0.5,0.5,0.0,3,random,False,0.1,150,0.8025008267195767,150,False,,0.9930555555555556,3464,0,0.5,0.0
1242849dedbab8d0,4,40,40,0.1,0.5,homogeneous,0.5,0.5,0.5,0.0,3,random,False,0.1,150,0.8055266203703698,150,False,,0.9909722222222223,3467,0,0.5,0.0
4f83c2ec0f95dfd3,5,40,40,0.1,0.5,homogeneous,0.5,0.5,0.5,0.0,3,random,False,0.1,150,0.8001959325396831,150,False,,0.9930555555555556,3332,0,0.5,0.0
4f21deb9052df29f,6,40,40,0.1,0.5,homogeneous,0.5,0.5,0.5,0.0,3,random,False,0.1,150,0.8151430224867728,150,False,,0.9951388888888889,3046,0,0.5,0.0
d76f04d27714a759,7,40,40,0.1,0.5,homogeneous,0.5,0.5,0.5,0.0,3,random,False,0.1,150,0.7963053902116399,150,False,,0.99375,3264,0,0.5,0.0
402ee8a577af5edd,8,40,40,0.1,0.5,homogeneous,0.5,0.5,0.5,0.0,3,random,False,0.1,150,0.8056398809523807,150,False,,0.9965277777777778,2276,0,0.5,0.0
c211991d4d5a4516,9,40,40,0.1,0.5,homogeneous,0.5,0.5,0.5,0.0,3,random,False,0.1,150,0.8037227182539686,150,False,,0.9979166666666667,1929,0,0.5,0.0
605740c5ff142ab7,0,40,40,0.1,0.5,homogeneous,0.5,0.5,0.5,0.0,3,improving,False,0.1,150,0.7985201719576716,6,True,6,0.9888888888888889,741,0,0.5,0.0
b9302ce131e655ea,1,40,40,0.1,0.5,homogeneous,0.5,0.5,0.5,0.0,3,improving,False,0.1,150,0.7859168320105818,8,True,8,0.9826388888888888,717,0,0.5,0.0
7d6fcd744c51bca0,2,40,40,0.1,0.5,homogeneous,0.5,0.5,0.5,0.0,3,improving,False,0.1,150,0.7944031084656086,8,True,8,0.9784722222222222,748,0,0.5,0.0
e40e36948c4ba6d3,3,40,40,0.1,0.5,homogeneous,0.5,0.5,0.5,0.0,3,improving,False,0.1,150,0.7860011574074068,7,True,7,0.9875,687,0,0.5,0.0
d9f8a3df9ad8e92c,4,40,40,0.1,0.5,homogeneous,0.5,0.5,0.5,0.0,3,improving,False,0.1,150,0.8009788359788359,8,True,8,0.9868055555555556,722,0,0.5,0.0
3c44f90e177c147d,5,40,40,0.1,0.5,homogeneous,0.5,0.5,0.5,0.0,3,improving,False,0.1,150,0.788554894179893,8,True,8,0.9777777777777777,703,0,0.5,0.0
b2cf553e78c90ee9,6,40,40,0.1,0.5,homogeneous,0.5,0.5,0.5,0.0,3,improving,False,0.1,150,0.7995213293650798,8,True,8,0.9840277777777777,728,0,0.5,0.0
eae3673fec981dc4,7,40,40,0.1,0.5,homogeneous,0.5,0.5,0.5,0.0,3,improving,False,0.1,150,0.7942485119047619,7,True,7,0.98125,746,0,0.5,0.0
7bda5ccaf5cbc6ac,8,40,40,0.1,0.5,homogeneous,0.5,0.5,0.5,0.0,3,improving,False,0.1,150,0.7921312830687836,7,True,7,0.9895833333333334,702,0,0.5,0.0
995b68171896e102,9,40,40,0.1,0.5,homogeneous,0.5,0.5,0.5,0.0,3,improving,False,0.1,150,0.8029472552910045,9,True,9,0.9902777777777778,744,0,0.5,0.0
5091e8e593a9b682,0,40,40,0.1,0.5,homogeneous,0.5,0.5,0.5,0.0,3,best_fit,False,0.1,150,0.8245519179894186,150,False,,0.9972222222222222,1662,0,0.5,0.0
7d5d362543d2af33,1,40,40,0.1,0.5,homogeneous,0.5,0.5,0.5,0.0,3,best_fit,False,0.1,150,0.8223247354497357,150,False,,0.9951388888888889,1758,0,0.5,0.0
b8282ba15101e831,2,40,40,0.1,0.5,homogeneous,0.5,0.5,0.5,0.0,3,best_fit,False,0.1,150,0.8092055224867727,150,False,,0.9923611111111111,2189,0,0.5,0.0
d59d3a7b8deb74f8,3,40,40,0.1,0.5,homogeneous,0.5,0.5,0.5,0.0,3,best_fit,False,0.1,150,0.8106225198412704,150,False,,0.9993055555555556,815,0,0.5,0.0
0d30189538faa6e8,4,40,40,0.1,0.5,homogeneous,0.5,0.5,0.5,0.0,3,best_fit,False,0.1,150,0.8210639880952381,150,False,,0.9944444444444445,1627,0,0.5,0.0
6637bb0faa387398,5,40,40,0.1,0.5,homogeneous,0.5,0.5,0.5,0.0,3,best_fit,False,0.1,150,0.8150925925925923,150,False,,0.99375,2132,0,0.5,0.0
366e6e29f09fcc06,6,40,40,0.1,0.5,homogeneous,0.5,0.5,0.5,0.0,3,best_fit,False,0.1,150,0.8233250661375655,150,False,,0.9965277777777778,1477,0,0.5,0.0
eae325e5477f22f8,7,40,40,0.1,0.5,homogeneous,0.5,0.5,0.5,0.0,3,best_fit,False,0.1,150,0.8130200066137573,150,False,,0.9902777777777778,2706,0,0.5,0.0
5aed0f84070b6119,8,40,40,0.1,0.5,homogeneous,0.5,0.5,0.5,0.0,3,best_fit,False,0.1,150,0.8118030753968256,150,False,,0.99375,1716,0,0.5,0.0
90f87d01a56df36f,9,40,40,0.1,0.5,homogeneous,0.5,0.5,0.5,0.0,3,best_fit,False,0.1,150,0.8120816798941787,150,False,,0.9930555555555556,2284,0,0.5,0.0
550ede4c5f1cf6cc,0,40,40,0.1,0.5,homogeneous,0.5,0.5,0.5,0.0,5,random,False,0.1,150,0.8548660714285715,53,True,53,1.0,1636,0,0.5,0.0
98ad736e616a68ca,1,40,40,0.1,0.5,homogeneous,0.5,0.5,0.5,0.0,5,random,False,0.1,150,0.8393005952380954,36,True,36,1.0,1454,0,0.5,0.0
70760c04697f0aa4,2,40,40,0.1,0.5,homogeneous,0.5,0.5,0.5,0.0,5,random,False,0.1,150,0.8324173280423284,106,True,106,1.0,1629,0,0.5,0.0
d892691da53e460b,3,40,40,0.1,0.5,homogeneous,0.5,0.5,0.5,0.0,5,random,False,0.1,150,0.8399966931216942,25,True,25,1.0,1336,0,0.5,0.0
1f9d9450063d5dc8,4,40,40,0.1,0.5,homogeneous,0.5,0.5,0.5,0.0,5,random,False,0.1,150,0.8491104497354497,47,True,47,1.0,1421,0,0.5,0.0
364d5d238513d69f,5,40,40,0.1,0.5,homogeneous,0.5,0.5,0.5,0.0,5,random,False,0.1,150,0.8228356481481487,39,True,39,1.0,1413,0,0.5,0.0
e764caad819d7b95,6,40,40,0.1,0.5,homogeneous,0.5,0.5,0.5,0.0,5,random,False,0.1,150,0.84035796957672,112,True,112,1.0,1896,0,0.5,0.0
a50bb3cf5d44f0cd,7,40,40,0.1,0.5,homogeneous,0.5,0.5,0.5,0.0,5,random,False,0.1,150,0.8455166997354502,57,True,57,1.0,1477,0,0.5,0.0
e62345514eb92bb0,8,40,40,0.1,0.5,homogeneous,0.5,0.5,0.5,0.0,5,random,False,0.1,150,0.8465261243386253,43,True,43,1.0,1566,0,0.5,0.0
8e7b748c9d111140,9,40,40,0.1,0.5,homogeneous,0.5,0.5,0.5,0.0,5,random,False,0.1,150,0.8433308531746034,55,True,55,1.0,1480,0,0.5,0.0
3e7f714ab38a3503,0,40,40,0.1,0.5,homogeneous,0.5,0.5,0.5,0.0,5,improving,False,0.1,150,0.8384854497354495,9,True,9,0.9993055555555556,760,0,0.5,0.0
c75f0fcb15679011,1,40,40,0.1,0.5,homogeneous,0.5,0.5,0.5,0.0,5,improving,False,0.1,150,0.8351099537037038,7,True,7,0.9986111111111111,779,0,0.5,0.0
a81e43f35a1dacae,2,40,40,0.1,0.5,homogeneous,0.5,0.5,0.5,0.0,5,improving,False,0.1,150,0.8377438822751324,9,True,9,0.9944444444444445,803,0,0.5,0.0
4a39c5c5e628b6a9,3,40,40,0.1,0.5,homogeneous,0.5,0.5,0.5,0.0,5,improving,False,0.1,150,0.8301579034391534,7,True,7,0.9986111111111111,757,0,0.5,0.0
04eab2759e55b1d1,4,40,40,0.1,0.5,homogeneous,0.5,0.5,0.5,0.0,5,improving,False,0.1,150,0.8410234788359797,8,True,8,0.9993055555555556,761,0,0.5,0.0
c5e27cfa7c1e59d0,5,40,40,0.1,0.5,homogeneous,0.5,0.5,0.5,0.0,5,improving,False,0.1,150,0.826520337301588,8,True,8,0.9986111111111111,759,0,0.5,0.0
baf20a2bd905c325,6,40,40,0.1,0.5,homogeneous,0.5,0.5,0.5,0.0,5,improving,False,0.1,150,0.8425843253968259,7,True,7,0.9965277777777778,751,0,0.5,0.0
1f4f13635737cec8,7,40,40,0.1,0.5,homogeneous,0.5,0.5,0.5,0.0,5,improving,False,0.1,150,0.8335474537037041,8,True,8,0.9993055555555556,771,0,0.5,0.0
de07f061a97843b8,8,40,40,0.1,0.5,homogeneous,0.5,0.5,0.5,0.0,5,improving,False,0.1,150,0.8304456018518523,7,True,7,0.9986111111111111,732,0,0.5,0.0
59421e956b0b35a7,9,40,40,0.1,0.5,homogeneous,0.5,0.5,0.5,0.0,5,improving,False,0.1,150,0.8229985119047625,6,True,6,0.9965277777777778,730,0,0.5,0.0
28a830028b6dd8b8,0,40,40,0.1,0.5,homogeneous,0.5,0.5,0.5,0.0,5,best_fit,False,0.1,150,0.8618551587301594,5,True,5,1.0,565,0,0.5,0.0
6e5e102e5f11b612,1,40,40,0.1,0.5,homogeneous,0.5,0.5,0.5,0.0,5,best_fit,False,0.1,150,0.8559160052910053,7,True,7,1.0,621,0,0.5,0.0
a8e280b9accde225,2,40,40,0.1,0.5,homogeneous,0.5,0.5,0.5,0.0,5,best_fit,False,0.1,150,0.8555431547619047,26,True,26,1.0,644,0,0.5,0.0
70cf4aaf2d52757f,3,40,40,0.1,0.5,homogeneous,0.5,0.5,0.5,0.0,5,best_fit,False,0.1,150,0.855967261904762,8,True,8,1.0,621,0,0.5,0.0
abac0601e8a59658,4,40,40,0.1,0.5,homogeneous,0.5,0.5,0.5,0.0,5,best_fit,False,0.1,150,0.8671420304232808,5,True,5,1.0,583,0,0.5,0.0
166baaf92d207fc5,5,40,40,0.1,0.5,homogeneous,0.5,0.5,0.5,0.0,5,best_fit,False,0.1,150,0.8505233134920649,150,False,,0.9993055555555556,744,0,0.5,0.0
b0f6d549e101d676,6,40,40,0.1,0.5,homogeneous,0.5,0.5,0.5,0.0,5,best_fit,False,0.1,150,0.8563583002645506,11,True,11,1.0,609,0,0.5,0.0
c0ab36d2a6ff8fd9,7,40,40,0.1,0.5,homogeneous,0.5,0.5,0.5,0.0,5,best_fit,False,0.1,150,0.8536970899470909,8,True,8,1.0,587,0,0.5,0.0
18b84ef212cb66da,8,40,40,0.1,0.5,homogeneous,0.5,0.5,0.5,0.0,5,best_fit,False,0.1,150,0.8587152777777789,5,True,5,1.0,606,0,0.5,0.0
705a33bbd3c29c1b,9,40,40,0.1,0.5,homogeneous,0.5,0.5,0.5,0.0,5,best_fit,False,0.1,150,0.8601339285714286,8,True,8,1.0,616,0,0.5,0.0
e903975361f3033a,0,40,40,0.1,0.5,low,0.4,0.6,0.5,0.05895070154769968,1,random,False,0.1,150,0.6997288359788336,150,False,,0.8638888888888889,13040,0,0.5,0.05895070154769968
0e79ffe32ce16f8c,1,40,40,0.1,0.5,low,0.4,0.6,0.5,0.05717231796225254,1,random,False,0.1,150,0.6820411706349183,150,False,,0.8493055555555555,11860,0,0.5,0.05717231796225254
c7408f063e4184f7,2,40,40,0.1,0.5,low,0.4,0.6,0.5,0.058233242780678623,1,random,False,0.1,150,0.6868716931216913,150,False,,0.8541666666666666,13350,0,0.5,0.058233242780678623
197b3a991276481a,3,40,40,0.1,0.5,low,0.4,0.6,0.5,0.0562634262284621,1,random,False,0.1,150,0.687811673280422,150,False,,0.8569444444444444,10593,0,0.5,0.0562634262284621
6ef97894de0fdd19,4,40,40,0.1,0.5,low,0.4,0.6,0.5,0.057641325042679915,1,random,False,0.1,150,0.7010152116402099,150,False,,0.8527777777777777,13086,0,0.5,0.057641325042679915
5a4128e78632bf8f,5,40,40,0.1,0.5,low,0.4,0.6,0.5,0.058915600748713895,1,random,False,0.1,150,0.6945535714285691,150,False,,0.8493055555555555,14951,0,0.5,0.058915600748713895
7ed44464717a218d,6,40,40,0.1,0.5,low,0.4,0.6,0.5,0.05849642388454247,1,random,False,0.1,150,0.7047428902116377,150,False,,0.86875,11441,0,0.5,0.05849642388454247
df7ec21a9b3f2dc7,7,40,40,0.1,0.5,low,0.4,0.6,0.5,0.05816957693473804,1,random,False,0.1,150,0.6976818783068768,150,False,,0.8715277777777778,13138,0,0.5,0.05816957693473804
28b5afa5f750291a,8,40,40,0.1,0.5,low,0.4,0.6,0.5,0.05627409109991526,1,random,False,0.1,150,0.6922627314814793,150,False,,0.8618055555555556,11938,0,0.5,0.05627409109991526
928d94483f222b17,9,40,40,0.1,0.5,low,0.4,0.6,0.5,0.05825163886203581,1,random,False,0.1,150,0.6860631613756593,150,False,,0.8541666666666666,13119,0,0.5,0.05825163886203581
9102ccb22c3c98cb,0,40,40,0.1,0.5,low,0.4,0.6,0.5,0.05895070154769968,1,improving,False,0.1,150,0.6417410714285701,9,True,9,0.7701388888888889,536,0,0.5,0.05895070154769968
caa68153553ce56b,1,40,40,0.1,0.5,low,0.4,0.6,0.5,0.05717231796225254,1,improving,False,0.1,150,0.6274140211640196,10,True,10,0.7416666666666667,507,0,0.5,0.05717231796225254
512d152f44c73a03,2,40,40,0.1,0.5,low,0.4,0.6,0.5,0.058233242780678623,1,improving,False,0.1,150,0.6368865740740721,9,True,9,0.76875,491,0,0.5,0.058233242780678623
92b6ec6dd5f76e2c,3,40,40,0.1,0.5,low,0.4,0.6,0.5,0.0562634262284621,1,improving,False,0.1,150,0.643087797619046,9,True,9,0.7770833333333333,503,0,0.5,0.0562634262284621
e775c8f310e12734,4,40,40,0.1,0.5,low,0.4,0.6,0.5,0.057641325042679915,1,improving,False,0.1,150,0.6367460317460298,10,True,10,0.75,490,0,0.5,0.057641325042679915
2b72e984ca9fa5f9,5,40,40,0.1,0.5,low,0.4,0.6,0.5,0.058915600748713895,1,improving,False,0.1,150,0.6218601190476177,6,True,6,0.7416666666666667,447,0,0.5,0.058915600748713895
aafa015e86034975,6,40,40,0.1,0.5,low,0.4,0.6,0.5,0.05849642388454247,1,improving,False,0.1,150,0.6465401785714265,11,True,11,0.7909722222222222,498,0,0.5,0.05849642388454247
d693b8cd42ec693d,7,40,40,0.1,0.5,low,0.4,0.6,0.5,0.05816957693473804,1,improving,False,0.1,150,0.6200512566137552,8,True,8,0.7388888888888889,449,0,0.5,0.05816957693473804
31aff223696cd9c2,8,40,40,0.1,0.5,low,0.4,0.6,0.5,0.05627409109991526,1,improving,False,0.1,150,0.6287946428571408,9,True,9,0.7506944444444444,454,0,0.5,0.05627409109991526
123bd37655d45d9b,9,40,40,0.1,0.5,low,0.4,0.6,0.5,0.05825163886203581,1,improving,False,0.1,150,0.6299280753968237,6,True,6,0.7652777777777777,438,0,0.5,0.05825163886203581
813e0051d872064c,0,40,40,0.1,0.5,low,0.4,0.6,0.5,0.05895070154769968,1,best_fit,False,0.1,150,0.6878331679894156,150,False,,0.85,11414,0,0.5,0.05895070154769968
4e7b886e6d76b86b,1,40,40,0.1,0.5,low,0.4,0.6,0.5,0.05717231796225254,1,best_fit,False,0.1,150,0.6867278439153415,150,False,,0.8520833333333333,8414,0,0.5,0.05717231796225254
c1489e6da17a6710,2,40,40,0.1,0.5,low,0.4,0.6,0.5,0.058233242780678623,1,best_fit,False,0.1,150,0.6811921296296278,150,False,,0.8541666666666666,13761,0,0.5,0.058233242780678623
7faeca09bf6ab115,3,40,40,0.1,0.5,low,0.4,0.6,0.5,0.0562634262284621,1,best_fit,False,0.1,150,0.6928215939153419,150,False,,0.85625,12035,0,0.5,0.0562634262284621
09012606559503d0,4,40,40,0.1,0.5,low,0.4,0.6,0.5,0.057641325042679915,1,best_fit,False,0.1,150,0.6911921296296276,150,False,,0.8493055555555555,10376,0,0.5,0.057641325042679915
441bc3b2526d74fd,5,40,40,0.1,0.5,low,0.4,0.6,0.5,0.058915600748713895,1,best_fit,False,0.1,150,0.6883473875661356,150,False,,0.8604166666666667,10108,0,0.5,0.058915600748713895
201d3645af88def9,6,40,40,0.1,0.5,low,0.4,0.6,0.5,0.05849642388454247,1,best_fit,False,0.1,150,0.6876248346560817,150,False,,0.85625,14180,0,0.5,0.05849642388454247
f723fca60f82eb5d,7,40,40,0.1,0.5,low,0.4,0.6,0.5,0.05816957693473804,1,best_fit,False,0.1,150,0.6888814484126959,150,False,,0.8590277777777777,12656,0,0.5,0.05816957693473804
952938b76c503d1e,8,40,40,0.1,0.5,low,0.4,0.6,0.5,0.05627409109991526,1,best_fit,False,0.1,150,0.6937400793650771,150,False,,0.8555555555555555,9823,0,0.5,0.05627409109991526
074b1dd16c9addd7,9,40,40,0.1,0.5,low,0.4,0.6,0.5,0.05825163886203581,1,best_fit,False,0.1,150,0.6864632936507923,150,False,,0.8472222222222222,11093,0,0.5,0.05825163886203581
8f151f97a7fa0a86,0,40,40,0.1,0.5,low,0.4,0.6,0.5,0.05895070154769968,3,random,False,0.1,150,0.8558912037037049,150,False,,0.9965277777777778,3932,0,0.5,0.05895070154769968
61efc35875afad77,1,40,40,0.1,0.5,low,0.4,0.6,0.5,0.05717231796225254,3,random,False,0.1,150,0.8426281415343915,150,False,,0.9972222222222222,3141,0,0.5,0.05717231796225254
8979ef2d9c62f72a,2,40,40,0.1,0.5,low,0.4,0.6,0.5,0.058233242780678623,3,random,False,0.1,150,0.8478224206349207,150,False,,0.9979166666666667,3707,0,0.5,0.058233242780678623
8f29a2b842fdcb06,3,40,40,0.1,0.5,low,0.4,0.6,0.5,0.0562634262284621,3,random,False,0.1,150,0.8479563492063488,150,False,,0.9979166666666667,3483,0,0.5,0.0562634262284621
10caac14137fcf31,4,40,40,0.1,0.5,low,0.4,0.6,0.5,0.057641325042679915,3,random,False,0.1,150,0.8391517857142865,150,False,,0.9979166666666667,3340,0,0.5,0.057641325042679915
149a143a37a05772,5,40,40,0.1,0.5,low,0.4,0.6,0.5,0.058915600748713895,3,random,False,0.1,150,0.837840608465608,150,False,,0.9958333333333333,3763,0,0.5,0.058915600748713895
0e1b0bc3f1922365,6,40,40,0.1,0.5,low,0.4,0.6,0.5,0.05849642388454247,3,random,False,0.1,150,0.8448437500000003,150,False,,0.99375,4032,0,0.5,0.05849642388454247
0000e095eb055c51,7,40,40,0.1,0.5,low,0.4,0.6,0.5,0.05816957693473804,3,random,False,0.1,150,0.8511524470899483,150,False,,0.9979166666666667,3649,0,0.5,0.05816957693473804
bac286f6ed0c11ea,8,40,40,0.1,0.5,low,0.4,0.6,0.5,0.05627409109991526,3,random,False,0.1,150,0.8398387896825407,150,False,,0.9986111111111111,3247,0,0.5,0.05627409109991526
e0a8a0e04b296436,9,40,40,0.1,0.5,low,0.4,0.6,0.5,0.05825163886203581,3,random,False,0.1,150,0.8334350198412693,150,False,,0.9965277777777778,3438,0,0.5,0.05825163886203581
2b4882e909dba3be,0,40,40,0.1,0.5,low,0.4,0.6,0.5,0.05895070154769968,3,improving,False,0.1,150,0.8389409722222232,14,True,14,0.9875,1008,0,0.5,0.05895070154769968
7341c0957018469f,1,40,40,0.1,0.5,low,0.4,0.6,0.5,0.05717231796225254,3,improving,False,0.1,150,0.8252984457671969,11,True,11,0.9826388888888888,951,0,0.5,0.05717231796225254
5b2caed9bf72850b,2,40,40,0.1,0.5,low,0.4,0.6,0.5,0.058233242780678623,3,improving,False,0.1,150,0.8197751322751318,11,True,11,0.9833333333333333,964,0,0.5,0.058233242780678623
1614bb4e134d207a,3,40,40,0.1,0.5,low,0.4,0.6,0.5,0.0562634262284621,3,improving,False,0.1,150,0.8068832671957678,7,True,7,0.9784722222222222,853,0,0.5,0.0562634262284621
fd20a25763865296,4,40,40,0.1,0.5,low,0.4,0.6,0.5,0.057641325042679915,3,improving,False,0.1,150,0.8177422288359784,9,True,9,0.9756944444444444,874,0,0.5,0.057641325042679915
ea6e64cef9b2e8f9,5,40,40,0.1,0.5,low,0.4,0.6,0.5,0.058915600748713895,3,improving,False,0.1,150,0.8288045634920634,10,True,10,0.9819444444444444,928,0,0.5,0.058915600748713895
2d3eeb8f78f8eee2,6,40,40,0.1,0.5,low,0.4,0.6,0.5,0.05849642388454247,3,improving,False,0.1,150,0.8171618716931215,11,True,11,0.9777777777777777,950,0,0.5,0.05849642388454247
7d51d010c54550d4,7,40,40,0.1,0.5,low,0.4,0.6,0.5,0.05816957693473804,3,improving,False,0.1,150,0.8195808531746026,10,True,10,0.9791666666666666,931,0,0.5,0.05816957693473804
41aa2c124ba7fa7b,8,40,40,0.1,0.5,low,0.4,0.6,0.5,0.05627409109991526,3,improving,False,0.1,150,0.8227835648148156,8,True,8,0.9826388888888888,908,0,0.5,0.05627409109991526
2b7152c14bbc13af,9,40,40,0.1,0.5,low,0.4,0.6,0.5,0.05825163886203581,3,improving,False,0.1,150,0.8230877976190476,10,True,10,0.9854166666666667,946,0,0.5,0.05825163886203581
53361c7fba58d27d,0,40,40,0.1,0.5,low,0.4,0.6,0.5,0.05895070154769968,3,best_fit,False,0.1,150,0.8680100859788364,150,False,,0.9972222222222222,1405,0,0.5,0.05895070154769968
4a3f078d2fdd853e,1,40,40,0.1,0.5,low,0.4,0.6,0.5,0.05717231796225254,3,best_fit,False,0.1,150,0.8389260912698409,150,False,,0.9916666666666667,2590,0,0.5,0.05717231796225254
fb6716c8e3655ff4,2,40,40,0.1,0.5,low,0.4,0.6,0.5,0.058233242780678623,3,best_fit,False,0.1,150,0.8434160052910048,150,False,,0.99375,2438,0,0.5,0.058233242780678623
3da76885f9fcdaf1,3,40,40,0.1,0.5,low,0.4,0.6,0.5,0.0562634262284621,3,best_fit,False,0.1,150,0.8504580026455032,150,False,,0.9965277777777778,1689,0,0.5,0.0562634262284621
677b37fc981fb1c6,4,40,40,0.1,0.5,low,0.4,0.6,0.5,0.057641325042679915,3,best_fit,False,0.1,150,0.8493998015873028,150,False,,0.99375,1977,0,0.5,0.057641325042679915
6145e6b91d0b0c36,5,40,40,0.1,0.5,low,0.4,0.6,0.5,0.058915600748713895,3,best_fit,False,0.1,150,0.8285929232804224,150,False,,0.9930555555555556,2247,0,0.5,0.058915600748713895
7a4c899ab10e2e59,6,40,40,0.1,0.5,low,0.4,0.6,0.5,0.05849642388454247,3,best_fit,False,0.1,150,0.847897652116403,150,False,,0.9944444444444445,2054,0,0.5,0.05849642388454247
28b0faa9a12cef62,7,40,40,0.1,0.5,low,0.4,0.6,0.5,0.05816957693473804,3,best_fit,False,0.1,150,0.8380712632275135,150,False,,0.9923611111111111,2439,0,0.5,0.05816957693473804
89d00fc2515b2d0f,8,40,40,0.1,0.5,low,0.4,0.6,0.5,0.05627409109991526,3,best_fit,False,0.1,150,0.8418253968253961,150,False,,0.99375,2194,0,0.5,0.05627409109991526
feb44fbd110aa35f,9,40,40,0.1,0.5,low,0.4,0.6,0.5,0.05825163886203581,3,best_fit,False,0.1,150,0.845666335978837,150,False,,0.9958333333333333,2136,0,0.5,0.05825163886203581
448bc23c2be3c6ab,0,40,40,0.1,0.5,low,0.4,0.6,0.5,0.05895070154769968,5,random,False,0.1,150,0.8673503637566146,41,True,41,1.0,2046,0,0.5,0.05895070154769968
217c013199cba52e,1,40,40,0.1,0.5,low,0.4,0.6,0.5,0.05717231796225254,5,random,False,0.1,150,0.87070849867725,67,True,67,1.0,2270,0,0.5,0.05717231796225254
959061c385095935,2,40,40,0.1,0.5,low,0.4,0.6,0.5,0.058233242780678623,5,random,False,0.1,150,0.872771990740741,34,True,34,1.0,2261,0,0.5,0.058233242780678623
6d5696e462326fbb,3,40,40,0.1,0.5,low,0.4,0.6,0.5,0.0562634262284621,5,random,False,0.1,150,0.8685028108465607,29,True,29,1.0,2086,0,0.5,0.0562634262284621
32b203baa3cc93d5,4,40,40,0.1,0.5,low,0.4,0.6,0.5,0.057641325042679915,5,random,False,0.1,150,0.8741154100529103,28,True,28,1.0,1858,0,0.5,0.057641325042679915
254dc59f6f76c881,5,40,40,0.1,0.5,low,0.4,0.6,0.5,0.058915600748713895,5,random,False,0.1,150,0.8550620039682545,51,True,51,1.0,2049,0,0.5,0.058915600748713895
2942c77365083e80,6,40,40,0.1,0.5,low,0.4,0.6,0.5,0.05849642388454247,5,random,False,0.1,150,0.8584457671957684,75,True,75,1.0,2053,0,0.5,0.05849642388454247
68f3330157f82d7b,7,40,40,0.1,0.5,low,0.4,0.6,0.5,0.05816957693473804,5,random,False,0.1,150,0.8725446428571442,40,True,40,1.0,2249,0,0.5,0.05816957693473804
d3452fe574615d99,8,40,40,0.1,0.5,low,0.4,0.6,0.5,0.05627409109991526,5,random,False,0.1,150,0.866017691798941,42,True,42,1.0,2102,0,0.5,0.05627409109991526
a1fd7d35a63bb120,9,40,40,0.1,0.5,low,0.4,0.6,0.5,0.05825163886203581,5,random,False,0.1,150,0.8587971230158729,36,True,36,1.0,2134,0,0.5,0.05825163886203581
007e4e2ec5494467,0,40,40,0.1,0.5,low,0.4,0.6,0.5,0.05895070154769968,5,improving,False,0.1,150,0.8726479828042344,10,True,10,0.9986111111111111,980,0,0.5,0.05895070154769968
d5443d3e53e172fa,1,40,40,0.1,0.5,low,0.4,0.6,0.5,0.05717231796225254,5,improving,False,0.1,150,0.8653778108465614,12,True,12,1.0,967,0,0.5,0.05717231796225254
94185953c1996063,2,40,40,0.1,0.5,low,0.4,0.6,0.5,0.058233242780678623,5,improving,False,0.1,150,0.8665104166666666,9,True,9,0.9979166666666667,926,0,0.5,0.058233242780678623
0e91cb407db9096a,3,40,40,0.1,0.5,low,0.4,0.6,0.5,0.0562634262284621,5,improving,False,0.1,150,0.8664475859788366,11,True,11,1.0,992,0,0.5,0.0562634262284621
1b7743415da06a0d,4,40,40,0.1,0.5,low,0.4,0.6,0.5,0.057641325042679915,5,improving,False,0.1,150,0.8594394841269837,11,True,11,0.9965277777777778,911,0,0.5,0.057641325042679915
14b24dc06ffc1e68,5,40,40,0.1,0.5,low,0.4,0.6,0.5,0.058915600748713895,5,improving,False,0.1,150,0.861165674603175,12,True,12,0.9979166666666667,947,0,0.5,0.058915600748713895
700636538a7fbc28,6,40,40,0.1,0.5,low,0.4,0.6,0.5,0.05849642388454247,5,improving,False,0.1,150,0.8642551256613759,10,True,10,0.9972222222222222,933,0,0.5,0.05849642388454247
18dddfed591e5a7c,7,40,40,0.1,0.5,low,0.4,0.6,0.5,0.05816957693473804,5,improving,False,0.1,150,0.8548511904761915,11,True,11,0.9979166666666667,894,0,0.5,0.05816957693473804
477e22bbb958494e,8,40,40,0.1,0.5,low,0.4,0.6,0.5,0.05627409109991526,5,improving,False,0.1,150,0.8591269841269851,8,True,8,0.9993055555555556,951,0,0.5,0.05627409109991526
b53accda949981a5,9,40,40,0.1,0.5,low,0.4,0.6,0.5,0.05825163886203581,5,improving,False,0.1,150,0.8504414682539682,10,True,10,0.9958333333333333,913,0,0.5,0.05825163886203581
cb42728ac643be95,0,40,40,0.1,0.5,low,0.4,0.6,0.5,0.05895070154769968,5,best_fit,False,0.1,150,0.8938194444444455,150,False,,0.9993055555555556,855,0,0.5,0.05895070154769968
31e12949ab9f52b4,1,40,40,0.1,0.5,low,0.4,0.6,0.5,0.05717231796225254,5,best_fit,False,0.1,150,0.8819973544973564,150,False,,0.9993055555555556,878,0,0.5,0.05717231796225254
3e6606a088f24baf,2,40,40,0.1,0.5,low,0.4,0.6,0.5,0.058233242780678623,5,best_fit,False,0.1,150,0.8781001984126986,7,True,7,1.0,723,0,0.5,0.058233242780678623
4cc5d777e10c21b7,3,40,40,0.1,0.5,low,0.4,0.6,0.5,0.0562634262284621,5,best_fit,False,0.1,150,0.8869527116402128,7,True,7,1.0,751,0,0.5,0.0562634262284621
1c376310f34064f3,4,40,40,0.1,0.5,low,0.4,0.6,0.5,0.057641325042679915,5,best_fit,False,0.1,150,0.892707506613757,13,True,13,1.0,739,0,0.5,0.057641325042679915
f17ac285c758ee61,5,40,40,0.1,0.5,low,0.4,0.6,0.5,0.058915600748713895,5,best_fit,False,0.1,150,0.866335978835979,7,True,7,1.0,715,0,0.5,0.058915600748713895
1a84f7f76f83948a,6,40,40,0.1,0.5,low,0.4,0.6,0.5,0.05849642388454247,5,best_fit,False,0.1,150,0.8870304232804246,13,True,13,1.0,773,0,0.5,0.05849642388454247
a9f1a12e86940d3f,7,40,40,0.1,0.5,low,0.4,0.6,0.5,0.05816957693473804,5,best_fit,False,0.1,150,0.8812508267195781,11,True,11,1.0,740,0,0.5,0.05816957693473804
9778dc25558c48cf,8,40,40,0.1,0.5,low,0.4,0.6,0.5,0.05627409109991526,5,best_fit,False,0.1,150,0.8752157738095248,7,True,7,1.0,750,0,0.5,0.05627409109991526
f5c80d63a95c04c3,9,40,40,0.1,0.5,low,0.4,0.6,0.5,0.05825163886203581,5,best_fit,False,0.1,150,0.879465112433864,8,True,8,1.0,729,0,0.5,0.05825163886203581
fa466bdc4396f07e,0,40,40,0.1,0.5,high,0.2,0.8,0.5,0.17587954470796718,1,random,False,0.1,150,0.7103158068783058,150,False,,0.8354166666666667,20515,0,0.5,0.17587954470796718
d9cf3706f0ff9d76,1,40,40,0.1,0.5,high,0.2,0.8,0.5,0.16888903074134623,1,random,False,0.1,150,0.6994394841269825,150,False,,0.8215277777777777,21915,0,0.5,0.16888903074134623
4460f2c2cb9b72ec,2,40,40,0.1,0.5,high,0.2,0.8,0.5,0.17090812544423709,1,random,False,0.1,150,0.7121750992063479,150,False,,0.825,23279,0,0.5,0.17090812544423709
6ceb44e985ac7977,3,40,40,0.1,0.5,high,0.2,0.8,0.5,0.1776464612531081,1,random,False,0.1,150,0.7054910714285703,150,False,,0.8173611111111111,23664,0,0.5,0.1776464612531081
448e7f3fef2657b8,4,40,40,0.1,0.5,high,0.2,0.8,0.5,0.1760657277614875,1,random,False,0.1,150,0.6946188822751307,150,False,,0.8041666666666667,22890,0,0.5,0.1760657277614875
72de0a50857ce2f0,5,40,40,0.1,0.5,high,0.2,0.8,0.5,0.17273778844959026,1,random,False,0.1,150,0.7207324735449718,150,False,,0.8444444444444444,21339,0,0.5,0.17273778844959026
a7671fef9478edb5,6,40,40,0.1,0.5,high,0.2,0.8,0.5,0.17283652219430773,1,random,False,0.1,150,0.7095552248677235,150,False,,0.8333333333333334,19154,0,0.5,0.17283652219430773
5bfd1b1df733e4fb,7,40,40,0.1,0.5,high,0.2,0.8,0.5,0.17468318559367144,1,random,False,0.1,150,0.7073883928571413,150,False,,0.8319444444444445,20570,0,0.5,0.17468318559367144
cd7b413c503fe505,8,40,40,0.1,0.5,high,0.2,0.8,0.5,0.17300361191696523,1,random,False,0.1,150,0.7150479497354486,150,False,,0.8361111111111111,20910,0,0.5,0.17300361191696523
f671ca5197862684,9,40,40,0.1,0.5,high,0.2,0.8,0.5,0.17009581006951482,1,random,False,0.1,150,0.7143758267195751,150,False,,0.8416666666666667,22295,0,0.5,0.17009581006951482
cb447a8c022e9727,0,40,40,0.1,0.5,high,0.2,0.8,0.5,0.17587954470796718,1,improving,False,0.1,150,0.6251868386243372,13,True,13,0.7111111111111111,464,0,0.5,0.17587954470796718
c3348fac49d3e4c4,1,40,40,0.1,0.5,high,0.2,0.8,0.5,0.16888903074134623,1,improving,False,0.1,150,0.6228199404761886,13,True,13,0.6993055555555555,519,0,0.5,0.16888903074134623
ec7a3ea1eda579b8,2,40,40,0.1,0.5,high,0.2,0.8,0.5,0.17090812544423709,1,improving,False,0.1,150,0.624862764550263,10,True,10,0.7076388888888889,466,0,0.5,0.17090812544423709
10770463610355da,3,40,40,0.1,0.5,high,0.2,0.8,0.5,0.1776464612531081,1,improving,False,0.1,150,0.6194138558201047,7,True,7,0.7055555555555556,435,0,0.5,0.1776464612531081
dee3ef31b80d54f6,4,40,40,0.1,0.5,high,0.2,0.8,0.5,0.1760657277614875,1,improving,False,0.1,150,0.6224264219576698,10,True,10,0.6979166666666666,446,0,0.5,0.1760657277614875
74996dae0e24ba7b,5,40,40,0.1,0.5,high,0.2,0.8,0.5,0.17273778844959026,1,improving,False,0.1,150,0.6196800595238079,9,True,9,0.6972222222222222,455,0,0.5,0.17273778844959026
590ca886c8dec3d3,6,40,40,0.1,0.5,high,0.2,0.8,0.5,0.17283652219430773,1,improving,False,0.1,150,0.6357531415343897,9,True,9,0.7201388888888889,497,0,0.5,0.17283652219430773
c9d49854a55b13a7,7,40,40,0.1,0.5,high,0.2,0.8,0.5,0.17468318559367144,1,improving,False,0.1,150,0.6322404100529088,12,True,12,0.7180555555555556,473,0,0.5,0.17468318559367144
71e3117977abb361,8,40,40,0.1,0.5,high,0.2,0.8,0.5,0.17300361191696523,1,improving,False,0.1,150,0.604651124338623,7,True,7,0.6756944444444445,365,0,0.5,0.17300361191696523
19358e93e4530c59,9,40,40,0.1,0.5,high,0.2,0.8,0.5,0.17009581006951482,1,improving,False,0.1,150,0.6193667328042308,7,True,7,0.70625,420,0,0.5,0.17009581006951482
74e86f6fcff75356,0,40,40,0.1,0.5,high,0.2,0.8,0.5,0.17587954470796718,1,best_fit,False,0.1,150,0.7044990079365068,150,False,,0.8340277777777778,14585,0,0.5,0.17587954470796718
4810d8c1c77471d7,1,40,40,0.1,0.5,high,0.2,0.8,0.5,0.16888903074134623,1,best_fit,False,0.1,150,0.6882167658730146,150,False,,0.8166666666666667,15107,0,0.5,0.16888903074134623
7ee25dd4d59ac4b3,2,40,40,0.1,0.5,high,0.2,0.8,0.5,0.17090812544423709,1,best_fit,False,0.1,150,0.7029513888888878,150,False,,0.8479166666666667,15050,0,0.5,0.17090812544423709
c615a2da568e7269,3,40,40,0.1,0.5,high,0.2,0.8,0.5,0.1776464612531081,1,best_fit,False,0.1,150,0.7196767526455018,150,False,,0.8541666666666666,15623,0,0.5,0.1776464612531081
ac062ed26fa76aa6,4,40,40,0.1,0.5,high,0.2,0.8,0.5,0.1760657277614875,1,best_fit,False,0.1,150,0.6950157076719564,150,False,,0.81875,14249,0,0.5,0.1760657277614875
16d6c067387b9940,5,40,40,0.1,0.5,high,0.2,0.8,0.5,0.17273778844959026,1,best_fit,False,0.1,150,0.700919312169311,150,False,,0.8298611111111112,15331,0,0.5,0.17273778844959026
0a42dbe4071d2588,6,40,40,0.1,0.5,high,0.2,0.8,0.5,0.17283652219430773,1,best_fit,False,0.1,150,0.72336144179894,150,False,,0.85,17580,0,0.5,0.17283652219430773
37e72a69fcd63f5b,7,40,40,0.1,0.5,high,0.2,0.8,0.5,0.17468318559367144,1,best_fit,False,0.1,150,0.7079836309523795,150,False,,0.8305555555555556,16503,0,0.5,0.17468318559367144
31fcffd08d2612be,8,40,40,0.1,0.5,high,0.2,0.8,0.5,0.17300361191696523,1,best_fit,False,0.1,150,0.6985838293650775,150,False,,0.8305555555555556,14276,0,0.5,0.17300361191696523
cd8f03b2c6be7250,9,40,40,0.1,0.5,high,0.2,0.8,0.5,0.17009581006951482,1,best_fit,False,0.1,150,0.6913293650793635,150,False,,0.8208333333333333,14090,0,0.5,0.17009581006951482
ba753a16e92a375c,0,40,40,0.1,0.5,high,0.2,0.8,0.5,0.17587954470796718,3,random,False,0.1,150,0.8342385912698406,150,False,,0.9513888888888888,16074,0,0.5,0.17587954470796718
60577686f6c39f77,1,40,40,0.1,0.5,high,0.2,0.8,0.5,0.16888903074134623,3,random,False,0.1,150,0.8511392195767206,150,False,,0.9659722222222222,13290,0,0.5,0.16888903074134623
3940c2c95096cc83,2,40,40,0.1,0.5,high,0.2,0.8,0.5,0.17090812544423709,3,random,False,0.1,150,0.8349198082010594,150,False,,0.9597222222222223,14206,0,0.5,0.17090812544423709
36b9f7bcfeaa4dc7,3,40,40,0.1,0.5,high,0.2,0.8,0.5,0.1776464612531081,3,random,False,0.1,150,0.8383771494708994,150,False,,0.9527777777777777,16228,0,0.5,0.1776464612531081
14be5f217a86465d,4,40,40,0.1,0.5,high,0.2,0.8,0.5,0.1760657277614875,3,random,False,0.1,150,0.8477149470899472,150,False,,0.9576388888888889,13998,0,0.5,0.1760657277614875
d8755ec1ab5fbd5d,5,40,40,0.1,0.5,high,0.2,0.8,0.5,0.17273778844959026,3,random,False,0.1,150,0.8458672288359798,150,False,,0.9541666666666667,15819,0,0.5,0.17273778844959026
bc54ae5d312e17bf,6,40,40,0.1,0.5,high,0.2,0.8,0.5,0.17283652219430773,3,random,False,0.1,150,0.843478009259259,150,False,,0.9611111111111111,16245,0,0.5,0.17283652219430773
611b0d7385e0f1b4,7,40,40,0.1,0.5,high,0.2,0.8,0.5,0.17468318559367144,3,random,False,0.1,150,0.8387136243386256,150,False,,0.9534722222222223,15325,0,0.5,0.17468318559367144
37085510e2374a77,8,40,40,0.1,0.5,high,0.2,0.8,0.5,0.17300361191696523,3,random,False,0.1,150,0.8378935185185192,150,False,,0.9506944444444444,16828,0,0.5,0.17300361191696523
87d6e0722859889b,9,40,40,0.1,0.5,high,0.2,0.8,0.5,0.17009581006951482,3,random,False,0.1,150,0.8391360780423279,150,False,,0.9680555555555556,13773,0,0.5,0.17009581006951482
2225a579164aea42,0,40,40,0.1,0.5,high,0.2,0.8,0.5,0.17587954470796718,3,improving,False,0.1,150,0.8115509259259255,11,True,11,0.9583333333333334,1015,0,0.5,0.17587954470796718
67f845ce3dc33754,1,40,40,0.1,0.5,high,0.2,0.8,0.5,0.16888903074134623,3,improving,False,0.1,150,0.8088095238095243,8,True,8,0.9604166666666667,992,0,0.5,0.16888903074134623
62956e7554151ad9,2,40,40,0.1,0.5,high,0.2,0.8,0.5,0.17090812544423709,3,improving,False,0.1,150,0.8132647156084665,11,True,11,0.9652777777777778,994,0,0.5,0.17090812544423709
7e6d526a54634f20,3,40,40,0.1,0.5,high,0.2,0.8,0.5,0.1776464612531081,3,improving,False,0.1,150,0.801537698412698,12,True,12,0.9506944444444444,995,0,0.5,0.1776464612531081
96b3812b702013e1,4,40,40,0.1,0.5,high,0.2,0.8,0.5,0.1760657277614875,3,improving,False,0.1,150,0.8100892857142854,10,True,10,0.9548611111111112,949,0,0.5,0.1760657277614875
e76b4e38be71f081,5,40,40,0.1,0.5,high,0.2,0.8,0.5,0.17273778844959026,3,improving,False,0.1,150,0.8016600529100527,10,True,10,0.9451388888888889,976,0,0.5,0.17273778844959026
8585a898ccee5ef3,6,40,40,0.1,0.5,high,0.2,0.8,0.5,0.17283652219430773,3,improving,False,0.1,150,0.8160920965608456,10,True,10,0.9631944444444445,1009,0,0.5,0.17283652219430773
0cb1c3d8b16ec2ea,7,40,40,0.1,0.5,high,0.2,0.8,0.5,0.17468318559367144,3,improving,False,0.1,150,0.8204001322751323,10,True,10,0.9548611111111112,1008,0,0.5,0.17468318559367144
ce6b332707edd639,8,40,40,0.1,0.5,high,0.2,0.8,0.5,0.17300361191696523,3,improving,False,0.1,150,0.8097461970899471,10,True,10,0.9555555555555556,984,0,0.5,0.17300361191696523
679a0e7d463673e5,9,40,40,0.1,0.5,high,0.2,0.8,0.5,0.17009581006951482,3,improving,False,0.1,150,0.7936946097883596,8,True,8,0.9534722222222223,981,0,0.5,0.17009581006951482
e42d64dc0f59a9e1,0,40,40,0.1,0.5,high,0.2,0.8,0.5,0.17587954470796718,3,best_fit,False,0.1,150,0.8476331018518516,150,False,,0.9784722222222222,6477,0,0.5,0.17587954470796718
0ef6cbf857620948,1,40,40,0.1,0.5,high,0.2,0.8,0.5,0.16888903074134623,3,best_fit,False,0.1,150,0.8343005952380952,150,False,,0.9847222222222223,4548,0,0.5,0.16888903074134623
42e918ede4b632b5,2,40,40,0.1,0.5,high,0.2,0.8,0.5,0.17090812544423709,3,best_fit,False,0.1,150,0.8425041335978843,150,False,,0.9777777777777777,6326,0,0.5,0.17090812544423709
0179745931ad477c,3,40,40,0.1,0.5,high,0.2,0.8,0.5,0.1776464612531081,3,best_fit,False,0.1,150,0.8390980489417994,150,False,,0.9861111111111112,4741,0,0.5,0.1776464612531081
bc3ddf49ac0a8610,4,40,40,0.1,0.5,high,0.2,0.8,0.5,0.1760657277614875,3,best_fit,False,0.1,150,0.8440699404761907,150,False,,0.975,6359,0,0.5,0.1760657277614875
29d032bb575142f3,5,40,40,0.1,0.5,high,0.2,0.8,0.5,0.17273778844959026,3,best_fit,False,0.1,150,0.8454290674603181,150,False,,0.9784722222222222,6056,0,0.5,0.17273778844959026
fda9c510e738b970,6,40,40,0.1,0.5,high,0.2,0.8,0.5,0.17283652219430773,3,best_fit,False,0.1,150,0.8509027777777789,150,False,,0.9833333333333333,5310,0,0.5,0.17283652219430773
8a7b24acec9ae60a,7,40,40,0.1,0.5,high,0.2,0.8,0.5,0.17468318559367144,3,best_fit,False,0.1,150,0.8496122685185189,150,False,,0.9847222222222223,5155,0,0.5,0.17468318559367144
80ae97404d31afac,8,40,40,0.1,0.5,high,0.2,0.8,0.5,0.17300361191696523,3,best_fit,False,0.1,150,0.8367815806878312,150,False,,0.9715277777777778,7330,0,0.5,0.17300361191696523
fcb04c4cd84eec25,9,40,40,0.1,0.5,high,0.2,0.8,0.5,0.17009581006951482,3,best_fit,False,0.1,150,0.8465236441798946,150,False,,0.9847222222222223,4184,0,0.5,0.17009581006951482
6e8c4542c60fca04,0,40,40,0.1,0.5,high,0.2,0.8,0.5,0.17587954470796718,5,random,False,0.1,150,0.8689723875661385,150,False,,0.9736111111111111,11230,0,0.5,0.17587954470796718
7cdf433b5e841c35,1,40,40,0.1,0.5,high,0.2,0.8,0.5,0.16888903074134623,5,random,False,0.1,150,0.8850000000000007,150,False,,0.9916666666666667,6336,0,0.5,0.16888903074134623
2618b070038f2dc3,2,40,40,0.1,0.5,high,0.2,0.8,0.5,0.17090812544423709,5,random,False,0.1,150,0.8775537367724868,150,False,,0.9819444444444444,8930,0,0.5,0.17090812544423709
a30c0dd7d363a072,3,40,40,0.1,0.5,high,0.2,0.8,0.5,0.1776464612531081,5,random,False,0.1,150,0.88176917989418,150,False,,0.9819444444444444,9918,0,0.5,0.1776464612531081
7df372556e6c95f3,4,40,40,0.1,0.5,high,0.2,0.8,0.5,0.1760657277614875,5,random,False,0.1,150,0.8715525793650797,150,False,,0.975,11047,0,0.5,0.1760657277614875
cbf353ffdfdf9214,5,40,40,0.1,0.5,high,0.2,0.8,0.5,0.17273778844959026,5,random,False,0.1,150,0.857889384920636,150,False,,0.9708333333333333,11202,0,0.5,0.17273778844959026
cfb4ad69f4e7ab0c,6,40,40,0.1,0.5,high,0.2,0.8,0.5,0.17283652219430773,5,random,False,0.1,150,0.8667791005291012,150,False,,0.9680555555555556,10068,0,0.5,0.17283652219430773
04e7c647b7b0225e,7,40,40,0.1,0.5,high,0.2,0.8,0.5,0.17468318559367144,5,random,False,0.1,150,0.8602521494708987,150,False,,0.9659722222222222,11292,0,0.5,0.17468318559367144
fddd62c7d27bae26,8,40,40,0.1,0.5,high,0.2,0.8,0.5,0.17300361191696523,5,random,False,0.1,150,0.8537442129629622,150,False,,0.9597222222222223,13673,0,0.5,0.17300361191696523
c5d612b7743a167c,9,40,40,0.1,0.5,high,0.2,0.8,0.5,0.17009581006951482,5,random,False,0.1,150,0.8774867724867726,150,False,,0.9881944444444445,7374,0,0.5,0.17009581006951482
1c0ddeb39245e262,0,40,40,0.1,0.5,high,0.2,0.8,0.5,0.17587954470796718,5,improving,False,0.1,150,0.850429067460318,9,True,9,0.9840277777777777,1013,0,0.5,0.17587954470796718
188d56a7ff59133d,1,40,40,0.1,0.5,high,0.2,0.8,0.5,0.16888903074134623,5,improving,False,0.1,150,0.8360292658730163,8,True,8,0.98125,1059,0,0.5,0.16888903074134623
bbf2eb6a54ba1d63,2,40,40,0.1,0.5,high,0.2,0.8,0.5,0.17090812544423709,5,improving,False,0.1,150,0.8445105820105833,10,True,10,0.9861111111111112,1054,0,0.5,0.17090812544423709
3c6727b836225b98,3,40,40,0.1,0.5,high,0.2,0.8,0.5,0.1776464612531081,5,improving,False,0.1,150,0.850023974867726,10,True,10,0.9868055555555556,1099,0,0.5,0.1776464612531081
e2913c50a8d2ccc2,4,40,40,0.1,0.5,high,0.2,0.8,0.5,0.1760657277614875,5,improving,False,0.1,150,0.8483052248677256,13,True,13,0.9916666666666667,1011,0,0.5,0.1760657277614875
7cde8dd28c71ac87,5,40,40,0.1,0.5,high,0.2,0.8,0.5,0.17273778844959026,5,improving,False,0.1,150,0.8413442460317466,11,True,11,0.9833333333333333,1059,0,0.5,0.17273778844959026
b875a4a57469d889,6,40,40,0.1,0.5,high,0.2,0.8,0.5,0.17283652219430773,5,improving,False,0.1,150,0.8501256613756619,7,True,7,0.9909722222222223,1041,0,0.5,0.17283652219430773
1cdc7d8e17f0cef4,7,40,40,0.1,0.5,high,0.2,0.8,0.5,0.17468318559367144,5,improving,False,0.1,150,0.8455274470899468,9,True,9,0.9868055555555556,1087,0,0.5,0.17468318559367144
21eb103a0903ef95,8,40,40,0.1,0.5,high,0.2,0.8,0.5,0.17300361191696523,5,improving,False,0.1,150,0.8331258267195778,10,True,10,0.9819444444444444,1106,0,0.5,0.17300361191696523
8a2d16d46a6dd484,9,40,40,0.1,0.5,high,0.2,0.8,0.5,0.17009581006951482,5,improving,False,0.1,150,0.8398677248677261,9,True,9,0.99375,1039,0,0.5,0.17009581006951482
d82c43ac92aac1c8,0,40,40,0.1,0.5,high,0.2,0.8,0.5,0.17587954470796718,5,best_fit,False,0.1,150,0.8813632605820124,150,False,,0.9958333333333333,1776,0,0.5,0.17587954470796718
395605769fdd76cf,1,40,40,0.1,0.5,high,0.2,0.8,0.5,0.16888903074134623,5,best_fit,False,0.1,150,0.8657919973544987,150,False,,0.9930555555555556,2418,0,0.5,0.16888903074134623
8a0e983c2fdc645f,2,40,40,0.1,0.5,high,0.2,0.8,0.5,0.17090812544423709,5,best_fit,False,0.1,150,0.8664335317460323,150,False,,0.9951388888888889,2012,0,0.5,0.17090812544423709
1687a974f92c02a7,3,40,40,0.1,0.5,high,0.2,0.8,0.5,0.1776464612531081,5,best_fit,False,0.1,150,0.8731531084656095,150,False,,0.9958333333333333,1971,0,0.5,0.1776464612531081
f857c6c103fa8284,4,40,40,0.1,0.5,high,0.2,0.8,0.5,0.1760657277614875,5,best_fit,False,0.1,150,0.8753778108465612,150,False,,0.9930555555555556,2699,0,0.5,0.1760657277614875
0babf824198cfe05,5,40,40,0.1,0.5,high,0.2,0.8,0.5,0.17273778844959026,5,best_fit,False,0.1,150,0.8587260251322753,150,False,,0.9930555555555556,2424,0,0.5,0.17273778844959026
88f68dbd9841bc0e,6,40,40,0.1,0.5,high,0.2,0.8,0.5,0.17283652219430773,5,best_fit,False,0.1,150,0.882743882275133,150,False,,0.9958333333333333,1826,0,0.5,0.17283652219430773
b16414601bd681dd,7,40,40,0.1,0.5,high,0.2,0.8,0.5,0.17468318559367144,5,best_fit,False,0.1,150,0.8850843253968242,150,False,,0.9923611111111111,2552,0,0.5,0.17468318559367144
28648eedb8bb9476,8,40,40,0.1,0.5,high,0.2,0.8,0.5,0.17300361191696523,5,best_fit,False,0.1,150,0.8647205687830691,150,False,,0.9951388888888889,2066,0,0.5,0.17300361191696523
3bb2e70ee1862774,9,40,40,0.1,0.5,high,0.2,0.8,0.5,0.17009581006951482,5,best_fit,False,0.1,150,0.8726215277777786,150,False,,0.9965277777777778,1743,0,0.5,0.17009581006951482
