run_id,seed,preference_diversity,mobility,behaviour,social_influence,influence_strength,iteration,moves,preference_updates,satisfaction_rate,segregation_index
4c1f6ca4494b267b,0,homogeneous,1,random,False,0.1,1,16,0,0.6333333333333333,0.5221428571428572
4c1f6ca4494b267b,0,homogeneous,1,random,False,0.1,2,16,0,0.6222222222222222,0.5257804232804232
4c1f6ca4494b267b,0,homogeneous,1,random,False,0.1,3,15,0,0.6888888888888889,0.5541005291005292
4c1f6ca4494b267b,0,homogeneous,1,random,False,0.1,4,9,0,0.7222222222222222,0.558174603174603
4c1f6ca4494b267b,0,homogeneous,1,random,False,0.1,5,9,0,0.7111111111111111,0.5652380952380952
4c1f6ca4494b267b,0,homogeneous,1,random,False,0.1,6,9,0,0.7111111111111111,0.5572222222222222
4c1f6ca4494b267b,0,homogeneous,1,random,False,0.1,7,6,0,0.7222222222222222,0.5711243386243385
4c1f6ca4494b267b,0,homogeneous,1,random,False,0.1,8,6,0,0.7222222222222222,0.5603439153439153
4c1f6ca4494b267b,0,homogeneous,1,random,False,0.1,9,5,0,0.7222222222222222,0.567962962962963
4c1f6ca4494b267b,0,homogeneous,1,random,False,0.1,10,4,0,0.7222222222222222,0.5632275132275132
3f70381775e9bcdc,1,homogeneous,1,random,False,0.1,1,31,0,0.5666666666666667,0.49215608465608474
3f70381775e9bcdc,1,homogeneous,1,random,False,0.1,2,24,0,0.7111111111111111,0.5264550264550264
3f70381775e9bcdc,1,homogeneous,1,random,False,0.1,3,17,0,0.7222222222222222,0.5527910052910052
3f70381775e9bcdc,1,homogeneous,1,random,False,0.1,4,15,0,0.7888888888888889,0.6121957671957674
3f70381775e9bcdc,1,homogeneous,1,random,False,0.1,5,9,0,0.8222222222222222,0.6013359788359789
3f70381775e9bcdc,1,homogeneous,1,random,False,0.1,6,7,0,0.8222222222222222,0.6139814814814815
3f70381775e9bcdc,1,homogeneous,1,random,False,0.1,7,7,0,0.8222222222222222,0.6244179894179892
3f70381775e9bcdc,1,homogeneous,1,random,False,0.1,8,7,0,0.8333333333333334,0.6214285714285714
3f70381775e9bcdc,1,homogeneous,1,random,False,0.1,9,7,0,0.8333333333333334,0.6233465608465609
3f70381775e9bcdc,1,homogeneous,1,random,False,0.1,10,8,0,0.8111111111111111,0.616494708994709
069b40698da36a52,0,homogeneous,1,random,True,0.1,1,16,0,0.6333333333333333,0.5221428571428572
069b40698da36a52,0,homogeneous,1,random,True,0.1,2,16,0,0.6222222222222222,0.5257804232804232
069b40698da36a52,0,homogeneous,1,random,True,0.1,3,15,0,0.6888888888888889,0.5541005291005292
069b40698da36a52,0,homogeneous,1,random,True,0.1,4,9,0,0.7222222222222222,0.558174603174603
069b40698da36a52,0,homogeneous,1,random,True,0.1,5,9,0,0.7111111111111111,0.5652380952380952
069b40698da36a52,0,homogeneous,1,random,True,0.1,6,9,0,0.7111111111111111,0.5572222222222222
069b40698da36a52,0,homogeneous,1,random,True,0.1,7,6,0,0.7222222222222222,0.5711243386243385
069b40698da36a52,0,homogeneous,1,random,True,0.1,8,6,0,0.7222222222222222,0.5603439153439153
069b40698da36a52,0,homogeneous,1,random,True,0.1,9,5,0,0.7222222222222222,0.567962962962963
069b40698da36a52,0,homogeneous,1,random,True,0.1,10,4,0,0.7222222222222222,0.5632275132275132
a342ae4a27e63b53,1,homogeneous,1,random,True,0.1,1,31,0,0.5666666666666667,0.49215608465608474
a342ae4a27e63b53,1,homogeneous,1,random,True,0.1,2,24,0,0.7111111111111111,0.5264550264550264
a342ae4a27e63b53,1,homogeneous,1,random,True,0.1,3,17,0,0.7222222222222222,0.5527910052910052
a342ae4a27e63b53,1,homogeneous,1,random,True,0.1,4,15,0,0.7888888888888889,0.6121957671957674
a342ae4a27e63b53,1,homogeneous,1,random,True,0.1,5,9,0,0.8222222222222222,0.6013359788359789
a342ae4a27e63b53,1,homogeneous,1,random,True,0.1,6,7,0,0.8222222222222222,0.6139814814814815
a342ae4a27e63b53,1,homogeneous,1,random,True,0.1,7,7,0,0.8222222222222222,0.6244179894179892
a342ae4a27e63b53,1,homogeneous,1,random,True,0.1,8,7,0,0.8333333333333334,0.6214285714285714
a342ae4a27e63b53,1,homogeneous,1,random,True,0.1,9,7,0,0.8333333333333334,0.6233465608465609
a342ae4a27e63b53,1,homogeneous,1,random,True,0.1,10,8,0,0.8111111111111111,0.616494708994709
534b31ed5223852e,0,high,1,random,False,0.1,1,25,0,0.5555555555555556,0.516904761904762
534b31ed5223852e,0,high,1,random,False,0.1,2,21,0,0.5666666666666667,0.5218386243386243
534b31ed5223852e,0,high,1,random,False,0.1,3,17,0,0.6333333333333333,0.5509391534391536
534b31ed5223852e,0,high,1,random,False,0.1,4,21,0,0.6333333333333333,0.5536904761904762
534b31ed5223852e,0,high,1,random,False,0.1,5,16,0,0.6888888888888889,0.5628571428571426
534b31ed5223852e,0,high,1,random,False,0.1,6,19,0,0.6444444444444445,0.5591269841269841
534b31ed5223852e,0,high,1,random,False,0.1,7,20,0,0.5888888888888889,0.5583994708994708
534b31ed5223852e,0,high,1,random,False,0.1,8,19,0,0.7111111111111111,0.6065476190476189
534b31ed5223852e,0,high,1,random,False,0.1,9,10,0,0.7111111111111111,0.6236375661375659
534b31ed5223852e,0,high,1,random,False,0.1,10,16,0,0.7222222222222222,0.6101984126984127
6939a8192a8b594f,1,high,1,random,False,0.1,1,28,0,0.45555555555555555,0.48683862433862435
6939a8192a8b594f,1,high,1,random,False,0.1,2,20,0,0.4777777777777778,0.4834126984126983
6939a8192a8b594f,1,high,1,random,False,0.1,3,19,0,0.4777777777777778,0.5045105820105819
6939a8192a8b594f,1,high,1,random,False,0.1,4,18,0,0.5888888888888889,0.5186111111111111
6939a8192a8b594f,1,high,1,random,False,0.1,5,21,0,0.5555555555555556,0.5221031746031746
6939a8192a8b594f,1,high,1,random,False,0.1,6,25,0,0.5,0.5094047619047619
6939a8192a8b594f,1,high,1,random,False,0.1,7,24,0,0.5555555555555556,0.5510846560846561
6939a8192a8b594f,1,high,1,random,False,0.1,8,16,0,0.6222222222222222,0.5892592592592591
6939a8192a8b594f,1,high,1,random,False,0.1,9,23,0,0.5777777777777777,0.5582804232804233
6939a8192a8b594f,1,high,1,random,False,0.1,10,18,0,0.6222222222222222,0.5692328042328042
95ceb8b9a03d8be8,0,high,1,random,True,0.1,1,25,90,0.5666666666666667,0.516904761904762
95ceb8b9a03d8be8,0,high,1,random,True,0.1,2,22,90,0.5555555555555556,0.523068783068783
95ceb8b9a03d8be8,0,high,1,random,True,0.1,3,21,90,0.6222222222222222,0.5462433862433863
95ceb8b9a03d8be8,0,high,1,random,True,0.1,4,20,90,0.6444444444444445,0.5615476190476192
95ceb8b9a03d8be8,0,high,1,random,True,0.1,5,20,90,0.6444444444444445,0.5777513227513227
95ceb8b9a03d8be8,0,high,1,random,True,0.1,6,18,90,0.6444444444444445,0.5743121693121696
95ceb8b9a03d8be8,0,high,1,random,True,0.1,7,18,90,0.7,0.6001851851851853
95ceb8b9a03d8be8,0,high,1,random,True,0.1,8,16,90,0.7555555555555555,0.6327380952380954
95ceb8b9a03d8be8,0,high,1,random,True,0.1,9,16,90,0.6888888888888889,0.5878835978835979
95ceb8b9a03d8be8,0,high,1,random,True,0.1,10,19,90,0.7333333333333333,0.6128174603174602
4ba3487b5207b4ac,1,high,1,random,True,0.1,1,28,90,0.4222222222222222,0.48683862433862435
4ba3487b5207b4ac,1,high,1,random,True,0.1,2,24,90,0.5,0.48697089947089933
4ba3487b5207b4ac,1,high,1,random,True,0.1,3,28,90,0.5777777777777777,0.5255026455026455
4ba3487b5207b4ac,1,high,1,random,True,0.1,4,18,90,0.5777777777777777,0.5367195767195766
4ba3487b5207b4ac,1,high,1,random,True,0.1,5,13,90,0.6333333333333333,0.5528571428571429
4ba3487b5207b4ac,1,high,1,random,True,0.1,6,13,90,0.6333333333333333,0.5841005291005292
4ba3487b5207b4ac,1,high,1,random,True,0.1,7,15,90,0.6888888888888889,0.5590343915343913
4ba3487b5207b4ac,1,high,1,random,True,0.1,8,16,90,0.6666666666666666,0.5792592592592591
4ba3487b5207b4ac,1,high,1,random,True,0.1,9,18,90,0.6666666666666666,0.5678835978835977
4ba3487b5207b4ac,1,high,1,random,True,0.1,10,15,90,0.7111111111111111,0.5725661375661376
