run_id,seed,width,height,vacancy_rate,group_split,preference_diversity,preference_lower,preference_upper,initial_preference_mean,initial_preference_std,mobility,behaviour,social_influence,influence_strength,max_iterations,final_segregation_index,iterations,stabilised,stabilisation_time,final_satisfaction_rate,total_moves,total_preference_updates,final_preference_mean,final_preference_std
877924f9453e0aa8,0,40,40,0.1,0.5,homogeneous,0.5,0.5,0.5,0.0,1,random,False,0.1,500,0.6718402777777756,500,False,,0.8715277777777778,39420,0,0.5,0.0
5dadc2b45184f3af,1,40,40,0.1,0.5,homogeneous,0.5,0.5,0.5,0.0,1,random,False,0.1,500,0.6692228835978805,500,False,,0.8805555555555555,43820,0,0.5,0.0
8b9a385d3fcb614d,2,40,40,0.1,0.5,homogeneous,0.5,0.5,0.5,0.0,1,random,False,0.1,500,0.6699983465608444,500,False,,0.8805555555555555,45133,0,0.5,0.0
41e599de401e8d4f,3,40,40,0.1,0.5,homogeneous,0.5,0.5,0.5,0.0,1,random,False,0.1,500,0.656499669312167,500,False,,0.8659722222222223,45726,0,0.5,0.0
a0c16f8979646969,4,40,40,0.1,0.5,homogeneous,0.5,0.5,0.5,0.0,1,random,False,0.1,500,0.6561747685185169,500,False,,0.8631944444444445,45518,0,0.5,0.0
36803bf1fc39dc1c,5,40,40,0.1,0.5,homogeneous,0.5,0.5,0.5,0.0,1,random,False,0.1,500,0.6657655423280397,500,False,,0.8715277777777778,43390,0,0.5,0.0
0e1ef04d0204e9df,6,40,40,0.1,0.5,homogeneous,0.5,0.5,0.5,0.0,1,random,False,0.1,500,0.6795874669312141,500,False,,0.8847222222222222,43933,0,0.5,0.0
ea472c33b649ce86,7,40,40,0.1,0.5,homogeneous,0.5,0.5,0.5,0.0,1,random,False,0.1,500,0.6703050595238064,500,False,,0.88125,44952,0,0.5,0.0
93d3ce06c8b9db44,8,40,40,0.1,0.5,homogeneous,0.5,0.5,0.5,0.0,1,random,False,0.1,500,0.6617832341269818,500,False,,0.8743055555555556,48191,0,0.5,0.0
876933eecb5b4ea0,9,40,40,0.1,0.5,homogeneous,0.5,0.5,0.5,0.0,1,random,False,0.1,500,0.6605439814814787,500,False,,0.8798611111111111,40225,0,0.5,0.0
e83484186b4d1b87,0,40,40,0.1,0.5,homogeneous,0.5,0.5,0.5,0.0,1,random,True,0.1,500,0.6718402777777756,500,False,,0.8715277777777778,39420,0,0.5,0.0
8cc06f9993533572,1,40,40,0.1,0.5,homogeneous,0.5,0.5,0.5,0.0,1,random,True,0.1,500,0.6692228835978805,500,False,,0.8805555555555555,43820,0,0.5,0.0
12be7fbba629f81d,2,40,40,0.1,0.5,homogeneous,0.5,0.5,0.5,0.0,1,random,True,0.1,500,0.6699983465608444,500,False,,0.8805555555555555,45133,0,0.5,0.0
c0ba313d5119a91b,3,40,40,0.1,0.5,homogeneous,0.5,0.5,0.5,0.0,1,random,True,0.1,500,0.656499669312167,500,False,,0.8659722222222223,45726,0,0.5,0.0
14e289e7859d12e4,4,40,40,0.1,0.5,homogeneous,0.5,0.5,0.5,0.0,1,random,True,0.1,500,0.6561747685185169,500,False,,0.8631944444444445,45518,0,0.5,0.0
e1b10ee04336d8e2,5,40,40,0.1,0.5,homogeneous,0.5,0.5,0.5,0.0,1,random,True,0.1,500,0.6657655423280397,500,False,,0.8715277777777778,43390,0,0.5,0.0
25d576e5a1f57aee,6,40,40,0.1,0.5,homogeneous,0.5,0.5,0.5,0.0,1,random,True,0.1,500,0.6795874669312141,500,False,,0.8847222222222222,43933,0,0.5,0.0
b8887979b984c2ac,7,40,40,0.1,0.5,homogeneous,0.5,0.5,0.5,0.0,1,random,True,0.1,500,0.6703050595238064,500,False,,0.88125,44952,0,0.5,0.0
002995575b6c7bd4,8,40,40,0.1,0.5,homogeneous,0.5,0.5,0.5,0.0,1,random,True,0.1,500,0.6617832341269818,500,False,,0.8743055555555556,48191,0,0.5,0.0
c7c503c5903972c5,9,40,40,0.1,0.5,homogeneous,0.5,0.5,0.5,0.0,1,random,True,0.1,500,0.6605439814814787,500,False,,0.8798611111111111,40225,0,0.5,0.0
68bdb7bf39d560e1,0,40,40,0.1,0.5,homogeneous,0.5,0.5,0.5,0.0,1,improving,False,0.1,500,0.6239219576719556,7,True,7,0.7986111111111112,420,0,0.5,0.0
c7b34be627faa5ab,1,40,40,0.1,0.5,homogeneous,0.5,0.5,0.5,0.0,1,improving,False,0.1,500,0.6089550264550248,8,True,8,0.7902777777777777,415,0,0.5,0.0
17185ac046f7a63d,2,40,40,0.1,0.5,homogeneous,0.5,0.5,0.5,0.0,1,improving,False,0.1,500,0.6156456679894156,9,True,9,0.7972222222222223,393,0,0.5,0.0
2781ab245a205291,3,40,40,0.1,0.5,homogeneous,0.5,0.5,0.5,0.0,1,improving,False,0.1,500,0.6192848875661353,9,True,9,0.79375,398,0,0.5,0.0
0d870b3cf89e96bc,4,40,40,0.1,0.5,homogeneous,0.5,0.5,0.5,0.0,1,improving,False,0.1,500,0.6239161706349196,10,True,10,0.7951388888888888,414,0,0.5,0.0
7c844d656b98426b,5,40,40,0.1,0.5,homogeneous,0.5,0.5,0.5,0.0,1,improving,False,0.1,500,0.623391203703702,7,True,7,0.8006944444444445,418,0,0.5,0.0
47ea54951597bbf4,6,40,40,0.1,0.5,homogeneous,0.5,0.5,0.5,0.0,1,improving,False,0.1,500,0.6305200066137537,8,True,8,0.8027777777777778,413,0,0.5,0.0
1dc2564640e34d54,7,40,40,0.1,0.5,homogeneous,0.5,0.5,0.5,0.0,1,improving,False,0.1,500,0.6226479828042311,7,True,7,0.8076388888888889,407,0,0.5,0.0
9cfe9c767c0568b5,8,40,40,0.1,0.5,homogeneous,0.5,0.5,0.5,0.0,1,improving,False,0.1,500,0.6087880291005269,8,True,8,0.7902777777777777,371,0,0.5,0.0
abe7931e31ddd19d,9,40,40,0.1,0.5,homogeneous,0.5,0.5,0.5,0.0,1,improving,False,0.1,500,0.6159374999999979,9,True,9,0.8013888888888889,365,0,0.5,0.0
7308793c46437d3b,0,40,40,0.1,0.5,homogeneous,0.5,0.5,0.5,0.0,1,improving,True,0.1,500,0.6239219576719556,7,True,7,0.7986111111111112,420,0,0.5,0.0
1f07d957cc9dd111,1,40,40,0.1,0.5,homogeneous,0.5,0.5,0.5,0.0,1,improving,True,0.1,500,0.6089550264550248,8,True,8,0.7902777777777777,415,0,0.5,0.0
568a17b7a011a1a0,2,40,40,0.1,0.5,homogeneous,0.5,0.5,0.5,0.0,1,improving,True,0.1,500,0.6156456679894156,9,True,9,0.7972222222222223,393,0,0.5,0.0
56dc9e8e6ebdacf7,3,40,40,0.1,0.5,homogeneous,0.5,0.5,0.5,0.0,1,improving,True,0.1,500,0.6192848875661353,9,True,9,0.79375,398,0,0.5,0.0
68f4ccfea13ebd29,4,40,40,0.1,0.5,homogeneous,0.5,0.5,0.5,0.0,1,improving,True,0.1,500,0.6239161706349196,10,True,10,0.7951388888888888,414,0,0.5,0.0
02f38d4c1fe068ac,5,40,40,0.1,0.5,homogeneous,0.5,0.5,0.5,0.0,1,improving,True,0.1,500,0.623391203703702,7,True,7,0.8006944444444445,418,0,0.5,0.0
1707f63ae0e8188c,6,40,40,0.1,0.5,homogeneous,0.5,0.5,0.5,0.0,1,improving,True,0.1,500,0.6305200066137537,8,True,8,0.8027777777777778,413,0,0.5,0.0
df950797034fd0b3,7,40,40,0.1,0.5,homogeneous,0.5,0.5,0.5,0.0,1,improving,True,0.1,500,0.6226479828042311,7,True,7,0.8076388888888889,407,0,0.5,0.0
cbc4989d85b319dd,8,40,40,0.1,0.5,homogeneous,0.5,0.5,0.5,0.0,1,improving,True,0.1,500,0.6087880291005269,8,True,8,0.7902777777777777,371,0,0.5,0.0
d26157daf32cab5b,9,40,40,0.1,0.5,homogeneous,0.5,0.5,0.5,0.0,1,improving,True,0.1,500,0.6159374999999979,9,True,9,0.8013888888888889,365,0,0.5,0.0
7acbf8d3537318e4,0,40,40,0.1,0.5,homogeneous,0.5,0.5,0.5,0.0,1,best_fit,False,0.1,500,0.6597156084656065,500,False,,0.8722222222222222,39540,0,0.5,0.0
a51d907bc73e4dd2,1,40,40,0.1,0.5,homogeneous,0.5,0.5,0.5,0.0,1,best_fit,False,0.1,500,0.6591154100529076,500,False,,0.8659722222222223,42408,0,0.5,0.0
b475dfc90d983e16,2,40,40,0.1,0.5,homogeneous,0.5,0.5,0.5,0.0,1,best_fit,False,0.1,500,0.6815873015872991,500,False,,0.8861111111111111,46646,0,0.5,0.0
a6973703a6ae9b46,3,40,40,0.1,0.5,homogeneous,0.5,0.5,0.5,0.0,1,best_fit,False,0.1,500,0.6581828703703674,500,False,,0.8736111111111111,34979,0,0.5,0.0
52fddfdacba5618b,4,40,40,0.1,0.5,homogeneous,0.5,0.5,0.5,0.0,1,best_fit,False,0.1,500,0.6688707010581988,500,False,,0.8618055555555556,41976,0,0.5,0.0
76e0d9fab9036751,5,40,40,0.1,0.5,homogeneous,0.5,0.5,0.5,0.0,1,best_fit,False,0.1,500,0.6739244378306851,500,False,,0.8743055555555556,46596,0,0.5,0.0
68bcd1bc526572d8,6,40,40,0.1,0.5,homogeneous,0.5,0.5,0.5,0.0,1,best_fit,False,0.1,500,0.6813616071428548,500,False,,0.8784722222222222,48815,0,0.5,0.0
de75cc399b15828a,7,40,40,0.1,0.5,homogeneous,0.5,0.5,0.5,0.0,1,best_fit,False,0.1,500,0.6736904761904741,500,False,,0.8722222222222222,42251,0,0.5,0.0
1b494550b6f8fbc2,8,40,40,0.1,0.5,homogeneous,0.5,0.5,0.5,0.0,1,best_fit,False,0.1,500,0.6659317129629605,500,False,,0.8805555555555555,43203,0,0.5,0.0
34fa0cd23a10b5cc,9,40,40,0.1,0.5,homogeneous,0.5,0.5,0.5,0.0,1,best_fit,False,0.1,500,0.6574446097883577,500,False,,0.8729166666666667,42822,0,0.5,0.0
36940ff8fdd49d4a,0,40,40,0.1,0.5,homogeneous,0.5,0.5,0.5,0.0,1,best_fit,True,0.1,500,0.6597156084656065,500,False,,0.8722222222222222,39540,0,0.5,0.0
2a12f1ee2d17bb13,1,40,40,0.1,0.5,homogeneous,0.5,0.5,0.5,0.0,1,best_fit,True,0.1,500,0.6591154100529076,500,False,,0.8659722222222223,42408,0,0.5,0.0
b2f3025b599e7fa8,2,40,40,0.1,0.5,homogeneous,0.5,0.5,0.5,0.0,1,best_fit,True,0.1,500,0.6815873015872991,500,False,,0.8861111111111111,46646,0,0.5,0.0
2705cc9f6ad637fa,3,40,40,0.1,0.5,homogeneous,0.5,0.5,0.5,0.0,1,best_fit,True,0.1,500,0.6581828703703674,500,False,,0.8736111111111111,34979,0,0.5,0.0
3e053dea0b3fa062,4,40,40,0.1,0.5,homogeneous,0.5,0.5,0.5,0.0,1,best_fit,True,0.1,500,0.6688707010581988,500,False,,0.8618055555555556,41976,0,0.5,0.0
cdd7948aa4ab63dc,5,40,40,0.1,0.5,homogeneous,0.5,0.5,0.5,0.0,1,best_fit,True,0.1,500,0.6739244378306851,500,False,,0.8743055555555556,46596,0,0.5,0.0
6e3962d4fd605073,6,40,40,0.1,0.5,homogeneous,0.5,0.5,0.5,0.0,1,best_fit,True,0.1,500,0.6813616071428548,500,False,,0.8784722222222222,48815,0,0.5,0.0
01549d8e9e90e64e,7,40,40,0.1,0.5,homogeneous,0.5,0.5,0.5,0.0,1,best_fit,True,0.1,500,0.6736904761904741,500,False,,0.8722222222222222,42251,0,0.5,0.0
fc34758803d1d44f,8,40,40,0.1,0.5,homogeneous,0.5,0.5,0.5,0.0,1,best_fit,True,0.1,500,0.6659317129629605,500,False,,0.8805555555555555,43203,0,0.5,0.0
bfc13151acb1744e,9,40,40,0.1,0.5,homogeneous,0.5,0.5,0.5,0.0,1,best_fit,True,0.1,500,0.6574446097883577,500,False,,0.8729166666666667,42822,0,0.5,0.0
555bd65228346d30,0,40,40,0.1,0.5,homogeneous,0.5,0.5,0.5,0.0,3,random,False,0.1,500,0.8038516865079368,500,False,,0.9979166666666667,3807,0,0.5,0.0
65986114d096b4f6,1,40,40,0.1,0.5,homogeneous,0.5,0.5,0.5,0.0,3,random,False,0.1,500,0.7931150793650789,500,False,,0.9951388888888889,5284,0,0.5,0.0
44d35a1fa4df9e95,2,40,40,0.1,0.5,homogeneous,0.5,0.5,0.5,0.0,3,random,False,0.1,500,0.7959548611111105,500,False,,0.9965277777777778,4897,0,0.5,0.0
b71470c1b6f76a09,3,40,40,0.1,0.5,homogeneous,0.5,0.5,0.5,0.0,3,random,False,0.1,500,0.8016815476190474,500,False,,0.99375,6356,0,0.5,0.0
4d91a85fe1b69d50,4,40,40,0.1,0.5,homogeneous,0.5,0.5,0.5,0.0,3,random,False,0.1,500,0.8064426256613758,500,False,,0.9916666666666667,6922,0,0.5,0.0
dfc74bbe9742e773,5,40,40,0.1,0.5,homogeneous,0.5,0.5,0.5,0.0,3,random,False,0.1,500,0.8018047288359783,500,False,,0.99375,6428,0,0.5,0.0
5c210d32f068bac2,6,40,40,0.1,0.5,homogeneous,0.5,0.5,0.5,0.0,3,random,False,0.1,500,0.8164368386243387,500,False,,0.9965277777777778,5087,0,0.5,0.0
a82f732f1021ef3d,7,40,40,0.1,0.5,homogeneous,0.5,0.5,0.5,0.0,3,random,False,0.1,500,0.7959879298941791,500,False,,0.99375,6173,0,0.5,0.0
1afb7bbf38a4f0e5,8,40,40,0.1,0.5,homogeneous,0.5,0.5,0.5,0.0,3,random,False,0.1,500,0.806198743386243,500,False,,0.9972222222222222,3599,0,0.5,0.0
c4774cfba9b97cae,9,40,40,0.1,0.5,homogeneous,0.5,0.5,0.5,0.0,3,random,False,0.1,500,0.8049049272486782,500,False,,0.9986111111111111,2305,0,0.5,0.0
2452a13595b1df38,0,40,40,0.1,0.5,homogeneous,0.5,0.5,0.5,0.0,3,random,True,0.1,500,0.8038516865079368,500,False,,0.9979166666666667,3807,0,0.5,0.0
ea8a8bdebfe8ca3e,1,40,40,0.1,0.5,homogeneous,0.5,0.5,0.5,0.0,3,random,True,0.1,500,0.7931150793650789,500,False,,0.9951388888888889,5284,0,0.5,0.0
6af601923caf0a24,2,40,40,0.1,0.5,homogeneous,0.5,0.5,0.5,0.0,3,random,True,0.1,500,0.7959548611111105,500,False,,0.9965277777777778,4897,0,0.5,0.0
72865ba9e45e7c09,3,40,40,0.1,0.5,homogeneous,0.5,0.5,0.5,0.0,3,random,True,0.1,500,0.8016815476190474,500,False,,0.99375,6356,0,0.5,0.0
4460630099972b1c,4,40,40,0.1,0.5,homogeneous,0.5,0.5,0.5,0.0,3,random,True,0.1,500,0.8064426256613758,500,False,,0.9916666666666667,6922,0,0.5,0.0
198a632c68a96052,5,40,40,0.1,0.5,homogeneous,0.5,0.5,0.5,0.0,3,random,True,0.1,500,0.8018047288359783,500,False,,0.99375,6428,0,0.5,0.0
6a3ba7ae3349862c,6,40,40,0.1,0.5,homogeneous,0.5,0.5,0.5,0.0,3,random,True,0.1,500,0.8164368386243387,500,False,,0.9965277777777778,5087,0,0.5,0.0
9eeccc67730d7a02,7,40,40,0.1,0.5,homogeneous,0.5,0.5,0.5,0.0,3,random,True,0.1,500,0.7959879298941791,500,False,,0.99375,6173,0,0.5,0.0
084e7a080f750d46,8,40,40,0.1,0.5,homogeneous,0.5,0.5,0.5,0.0,3,random,True,0.1,500,0.806198743386243,500,False,,0.9972222222222222,3599,0,0.5,0.0
2683aca862589e00,9,40,40,0.1,0.5,homogeneous,0.5,0.5,0.5,0.0,3,random,True,0.1,500,0.8049049272486782,500,False,,0.9986111111111111,2305,0,0.5,0.0
9c5c990269817e45,0,40,40,0.1,0.5,homogeneous,0.5,0.5,0.5,0.0,3,improving,False,0.1,500,0.7985201719576716,6,True,6,0.9888888888888889,741,0,0.5,0.0
0ea597c9ac50a518,1,40,40,0.1,0.5,homogeneous,0.5,0.5,0.5,0.0,3,improving,False,0.1,500,0.7859168320105818,8,True,8,0.9826388888888888,717,0,0.5,0.0
8bce5393971fdea8,2,40,40,0.1,0.5,homogeneous,0.5,0.5,0.5,0.0,3,improving,False,0.1,500,0.7944031084656086,8,True,8,0.9784722222222222,748,0,0.5,0.0
b70271de31ab8a26,3,40,40,0.1,0.5,homogeneous,0.5,0.5,0.5,0.0,3,improving,False,0.1,500,0.7860011574074068,7,True,7,0.9875,687,0,0.5,0.0
c3b326c7f1ef08cd,4,40,40,0.1,0.5,homogeneous,0.5,0.5,0.5,0.0,3,improving,False,0.1,500,0.8009788359788359,8,True,8,0.9868055555555556,722,0,0.5,0.0
134603cde28030c7,5,40,40,0.1,0.5,homogeneous,0.5,0.5,0.5,0.0,3,improving,False,0.1,500,0.788554894179893,8,True,8,0.9777777777777777,703,0,0.5,0.0
dffce488807de390,6,40,40,0.1,0.5,homogeneous,0.5,0.5,0.5,0.0,3,improving,False,0.1,500,0.7995213293650798,8,True,8,0.9840277777777777,728,0,0.5,0.0
ff3f4b54e7e403e6,7,40,40,0.1,0.5,homogeneous,0.5,0.5,0.5,0.0,3,improving,False,0.1,500,0.7942485119047619,7,True,7,0.98125,746,0,0.5,0.0
65f0580b03fc5517,8,40,40,0.1,0.5,homogeneous,0.5,0.5,0.5,0.0,3,improving,False,0.1,500,0.7921312830687836,7,True,7,0.9895833333333334,702,0,0.5,0.0
add26462535cf84f,9,40,40,0.1,0.5,homogeneous,0.5,0.5,0.5,0.0,3,improving,False,0.1,500,0.8029472552910045,9,True,9,0.9902777777777778,744,0,0.5,0.0
a9d6e14947024b32,0,40,40,0.1,0.5,homogeneous,0.5,0.5,0.5,0.0,3,improving,True,0.1,500,0.7985201719576716,6,True,6,0.9888888888888889,741,0,0.5,0.0
4f9d2e1808f30d8f,1,40,40,0.1,0.5,homogeneous,0.5,0.5,0.5,0.0,3,improving,True,0.1,500,0.7859168320105818,8,True,8,0.9826388888888888,717,0,0.5,0.0
1c5e2492dc666f6c,2,40,40,0.1,0.5,homogeneous,0.5,0.5,0.5,0.0,3,improving,True,0.1,500,0.7944031084656086,8,True,8,0.9784722222222222,748,0,0.5,0.0
923e2de97723e7f7,3,40,40,0.1,0.5,homogeneous,0.5,0.5,0.5,0.0,3,improving,True,0.1,500,0.7860011574074068,7,True,7,0.9875,687,0,0.5,0.0
59ae720cb21ca53d,4,40,40,0.1,0.5,homogeneous,0.5,0.5,0.5,0.0,3,improving,True,0.1,500,0.8009788359788359,8,True,8,0.9868055555555556,722,0,0.5,0.0
a7edc3c9b0f2e846,5,40,40,0.1,0.5,homogeneous,0.5,0.5,0.5,0.0,3,improving,True,0.1,500,0.788554894179893,8,True,8,0.9777777777777777,703,0,0.5,0.0
214d09860a6df1cb,6,40,40,0.1,0.5,homogeneous,0.5,0.5,0.5,0.0,3,improving,True,0.1,500,0.7995213293650798,8,True,8,0.9840277777777777,728,0,0.5,0.0
0bd86020d9d76f4e,7,40,40,0.1,0.5,homogeneous,0.5,0.5,0.5,0.0,3,improving,True,0.1,500,0.7942485119047619,7,True,7,0.98125,746,0,0.5,0.0
17833937370d672c,8,40,40,0.1,0.5,homogeneous,0.5,0.5,0.5,0.0,3,improving,True,0.1,500,0.7921312830687836,7,True,7,0.9895833333333334,702,0,0.5,0.0
34373d8dd8b756ea,9,40,40,0.1,0.5,homogeneous,0.5,0.5,0.5,0.0,3,improving,True,0.1,500,0.8029472552910045,9,True,9,0.9902777777777778,744,0,0.5,0.0
1a54e5c98dc774ba,0,40,40,0.1,0.5,homogeneous,0.5,0.5,0.5,0.0,3,best_fit,False,0.1,500,0.8245519179894182,500,False,,0.9972222222222222,3340,0,0.5,0.0
665cb10d4e9d4539,1,40,40,0.1,0.5,homogeneous,0.5,0.5,0.5,0.0,3,best_fit,False,0.1,500,0.8226917989417984,500,False,,0.9951388888888889,4187,0,0.5,0.0
fa7b40bfdd805cd2,2,40,40,0.1,0.5,homogeneous,0.5,0.5,0.5,0.0,3,best_fit,False,0.1,500,0.8098950066137571,500,False,,0.9944444444444445,5470,0,0.5,0.0
500c0b0cf0167894,3,40,40,0.1,0.5,homogeneous,0.5,0.5,0.5,0.0,3,best_fit,False,0.1,500,0.8106225198412699,500,False,,0.9993055555555556,1165,0,0.5,0.0
ba9f7e3a4033883e,4,40,40,0.1,0.5,homogeneous,0.5,0.5,0.5,0.0,3,best_fit,False,0.1,500,0.8211714616402102,500,False,,0.9944444444444445,3328,0,0.5,0.0
9409515627868fcd,5,40,40,0.1,0.5,homogeneous,0.5,0.5,0.5,0.0,3,best_fit,False,0.1,500,0.8150553902116403,500,False,,0.99375,5506,0,0.5,0.0
31c2f323ab1aa92e,6,40,40,0.1,0.5,homogeneous,0.5,0.5,0.5,0.0,3,best_fit,False,0.1,500,0.8232961309523807,500,False,,0.9965277777777778,3207,0,0.5,0.0
aa352523a65c9711,7,40,40,0.1,0.5,homogeneous,0.5,0.5,0.5,0.0,3,best_fit,False,0.1,500,0.8129670965608475,500,False,,0.9909722222222223,7374,0,0.5,0.0
31963db16356c862,8,40,40,0.1,0.5,homogeneous,0.5,0.5,0.5,0.0,3,best_fit,False,0.1,500,0.8116906415343913,500,False,,0.99375,4166,0,0.5,0.0
f1b91e7bf05bc7d5,9,40,40,0.1,0.5,homogeneous,0.5,0.5,0.5,0.0,3,best_fit,False,0.1,500,0.812025462962963,500,False,,0.9916666666666667,5977,0,0.5,0.0
553b1defa78023e8,0,40,40,0.1,0.5,homogeneous,0.5,0.5,0.5,0.0,3,best_fit,True,0.1,500,0.8245519179894182,500,False,,0.9972222222222222,3340,0,0.5,0.0
ee8ad063a6acbe18,1,40,40,0.1,0.5,homogeneous,0.5,0.5,0.5,0.0,3,best_fit,True,0.1,500,0.8226917989417984,500,False,,0.9951388888888889,4187,0,0.5,0.0
00e3cd1b79c49a5f,2,40,40,0.1,0.5,homogeneous,0.5,0.5,0.5,0.0,3,best_fit,True,0.1,500,0.8098950066137571,500,False,,0.9944444444444445,5470,0,0.5,0.0
0aaea5037859be8d,3,40,40,0.1,0.5,homogeneous,0.5,0.5,0.5,0.0,3,best_fit,True,0.1,500,0.8106225198412699,500,False,,0.9993055555555556,1165,0,0.5,0.0
7843f31423389da8,4,40,40,0.1,0.5,homogeneous,0.5,0.5,0.5,0.0,3,best_fit,True,0.1,500,0.8211714616402102,500,False,,0.9944444444444445,3328,0,0.5,0.0
98f5a4f0359914d2,5,40,40,0.1,0.5,homogeneous,0.5,0.5,0.5,0.0,3,best_fit,True,0.1,500,0.8150553902116403,500,False,,0.99375,5506,0,0.5,0.0
7c99980d533a6e2d,6,40,40,0.1,0.5,homogeneous,0.5,0.5,0.5,0.0,3,best_fit,True,0.1,500,0.8232961309523807,500,False,,0.9965277777777778,3207,0,0.5,0.0
29521beb81563394,7,40,40,0.1,0.5,homogeneous,0.5,0.5,0.5,0.0,3,best_fit,True,0.1,500,0.8129670965608475,500,False,,0.9909722222222223,7374,0,0.5,0.0
6b2adfe90097d8bb,8,40,40,0.1,0.5,homogeneous,0.5,0.5,0.5,0.0,3,best_fit,True,0.1,500,0.8116906415343913,500,False,,0.99375,4166,0,0.5,0.0
8f835fb585b234c9,9,40,40,0.1,0.5,homogeneous,0.5,0.5,0.5,0.0,3,best_fit,True,0.1,500,0.812025462962963,500,False,,0.9916666666666667,5977,0,0.5,0.0
2912ef40b8106a9f,0,40,40,0.1,0.5,homogeneous,0.5,0.5,0.5,0.0,5,random,False,0.1,500,0.8548660714285715,53,True,53,1.0,1636,0,0.5,0.0
f42aef06d3d7a758,1,40,40,0.1,0.5,homogeneous,0.5,0.5,0.5,0.0,5,random,False,0.1,500,0.8393005952380954,36,True,36,1.0,1454,0,0.5,0.0
69dd173bc6c7a4d0,2,40,40,0.1,0.5,homogeneous,0.5,0.5,0.5,0.0,5,random,False,0.1,500,0.8324173280423284,106,True,106,1.0,1629,0,0.5,0.0
cea3b82b015fb672,3,40,40,0.1,0.5,homogeneous,0.5,0.5,0.5,0.0,5,random,False,0.1,500,0.8399966931216942,25,True,25,1.0,1336,0,0.5,0.0
9f82fe8baa29f717,4,40,40,0.1,0.5,homogeneous,0.5,0.5,0.5,0.0,5,random,False,0.1,500,0.8491104497354497,47,True,47,1.0,1421,0,0.5,0.0
583942c2de618506,5,40,40,0.1,0.5,homogeneous,0.5,0.5,0.5,0.0,5,random,False,0.1,500,0.8228356481481487,39,True,39,1.0,1413,0,0.5,0.0
f41a420f2d797a88,6,40,40,0.1,0.5,homogeneous,0.5,0.5,0.5,0.0,5,random,False,0.1,500,0.84035796957672,112,True,112,1.0,1896,0,0.5,0.0
470d944297f302a9,7,40,40,0.1,0.5,homogeneous,0.5,0.5,0.5,0.0,5,random,False,0.1,500,0.8455166997354502,57,True,57,1.0,1477,0,0.5,0.0
493bb638db5b1874,8,40,40,0.1,0.5,homogeneous,0.5,0.5,0.5,0.0,5,random,False,0.1,500,0.8465261243386253,43,True,43,1.0,1566,0,0.5,0.0
35c475d8398184d6,9,40,40,0.1,0.5,homogeneous,0.5,0.5,0.5,0.0,5,random,False,0.1,500,0.8433308531746034,55,True,55,1.0,1480,0,0.5,0.0
f586b83cfcc924c5,0,40,40,0.1,0.5,homogeneous,0.5,0.5,0.5,0.0,5,random,True,0.1,500,0.8548660714285715,53,True,53,1.0,1636,0,0.5,0.0
0b688db69428a43e,1,40,40,0.1,0.5,homogeneous,0.5,0.5,0.5,0.0,5,random,True,0.1,500,0.8393005952380954,36,True,36,1.0,1454,0,0.5,0.0
a8559ade417d9865,2,40,40,0.1,0.5,homogeneous,0.5,0.5,0.5,0.0,5,random,True,0.1,500,0.8324173280423284,106,True,106,1.0,1629,0,0.5,0.0
22b64c9531eb3ed2,3,40,40,0.1,0.5,homogeneous,0.5,0.5,0.5,0.0,5,random,True,0.1,500,0.8399966931216942,25,True,25,1.0,1336,0,0.5,0.0
5e7766ff65c9c24c,4,40,40,0.1,0.5,homogeneous,0.5,0.5,0.5,0.0,5,random,True,0.1,500,0.8491104497354497,47,True,47,1.0,1421,0,0.5,0.0
6ea37d7a3f7a0157,5,40,40,0.1,0.5,homogeneous,0.5,0.5,0.5,0.0,5,random,True,0.1,500,0.8228356481481487,39,True,39,1.0,1413,0,0.5,0.0
267693df9b1a852d,6,40,40,0.1,0.5,homogeneous,0.5,0.5,0.5,0.0,5,random,True,0.1,500,0.84035796957672,112,True,112,1.0,1896,0,0.5,0.0
65f109fa191242e2,7,40,40,0.1,0.5,homogeneous,0.5,0.5,0.5,0.0,5,random,True,0.1,500,0.8455166997354502,57,True,57,1.0,1477,0,0.5,0.0
a49a10938ffb2840,8,40,40,0.1,0.5,homogeneous,0.5,0.5,0.5,0.0,5,random,True,0.1,500,0.8465261243386253,43,True,43,1.0,1566,0,0.5,0.0
f6a9783d92679ded,9,40,40,0.1,0.5,homogeneous,0.5,0.5,0.5,0.0,5,random,True,0.1,500,0.8433308531746034,55,True,55,1.0,1480,0,0.5,0.0
653d4645719ce8fc,0,40,40,0.1,0.5,homogeneous,0.5,0.5,0.5,0.0,5,improving,False,0.1,500,0.8384854497354495,9,True,9,0.9993055555555556,760,0,0.5,0.0
958e37de2f2d11dd,1,40,40,0.1,0.5,homogeneous,0.5,0.5,0.5,0.0,5,improving,False,0.1,500,0.8351099537037038,7,True,7,0.9986111111111111,779,0,0.5,0.0
791f1987a53afe7c,2,40,40,0.1,0.5,homogeneous,0.5,0.5,0.5,0.0,5,improving,False,0.1,500,0.8377438822751324,9,True,9,0.9944444444444445,803,0,0.5,0.0
18c5344422b0f474,3,40,40,0.1,0.5,homogeneous,0.5,0.5,0.5,0.0,5,improving,False,0.1,500,0.8301579034391534,7,True,7,0.9986111111111111,757,0,0.5,0.0
7a07db3a288f6bb3,4,40,40,0.1,0.5,homogeneous,0.5,0.5,0.5,0.0,5,improving,False,0.1,500,0.8410234788359797,8,True,8,0.9993055555555556,761,0,0.5,0.0
45017c5a24bc23e8,5,40,40,0.1,0.5,homogeneous,0.5,0.5,0.5,0.0,5,improving,False,0.1,500,0.826520337301588,8,True,8,0.9986111111111111,759,0,0.5,0.0
d8d8a5fbe34115af,6,40,40,0.1,0.5,homogeneous,0.5,0.5,0.5,0.0,5,improving,False,0.1,500,0.8425843253968259,7,True,7,0.9965277777777778,751,0,0.5,0.0
09ed20cdc23be939,7,40,40,0.1,0.5,homogeneous,0.5,0.5,0.5,0.0,5,improving,False,0.1,500,0.8335474537037041,8,True,8,0.9993055555555556,771,0,0.5,0.0
1c99c902f632f28b,8,40,40,0.1,0.5,homogeneous,0.5,0.5,0.5,0.0,5,improving,False,0.1,500,0.8304456018518523,7,True,7,0.9986111111111111,732,0,0.5,0.0
9d2b71486473c58b,9,40,40,0.1,0.5,homogeneous,0.5,0.5,0.5,0.0,5,improving,False,0.1,500,0.8229985119047625,6,True,6,0.9965277777777778,730,0,0.5,0.0
055f54ebda44c89b,0,40,40,0.1,0.5,homogeneous,0.5,0.5,0.5,0.0,5,improving,True,0.1,500,0.8384854497354495,9,True,9,0.9993055555555556,760,0,0.5,0.0
d141fef5ff03280b,1,40,40,0.1,0.5,homogeneous,0.5,0.5,0.5,0.0,5,improving,True,0.1,500,0.8351099537037038,7,True,7,0.9986111111111111,779,0,0.5,0.0
2bf4ccb68c74aa0f,2,40,40,0.1,0.5,homogeneous,0.5,0.5,0.5,0.0,5,improving,True,0.1,500,0.8377438822751324,9,True,9,0.9944444444444445,803,0,0.5,0.0
82e5375a516455d4,3,40,40,0.1,0.5,homogeneous,0.5,0.5,0.5,0.0,5,improving,True,0.1,500,0.8301579034391534,7,True,7,0.9986111111111111,757,0,0.5,0.0
833012bee5d114c7,4,40,40,0.1,0.5,homogeneous,0.5,0.5,0.5,0.0,5,improving,True,0.1,500,0.8410234788359797,8,True,8,0.9993055555555556,761,0,0.5,0.0
eae3f0499c133d7b,5,40,40,0.1,0.5,homogeneous,0.5,0.5,0.5,0.0,5,improving,True,0.1,500,0.826520337301588,8,True,8,0.9986111111111111,759,0,0.5,0.0
c7e142821de7a5af,6,40,40,0.1,0.5,homogeneous,0.5,0.5,0.5,0.0,5,improving,True,0.1,500,0.8425843253968259,7,True,7,0.9965277777777778,751,0,0.5,0.0
7a80ec10413e01cd,7,40,40,0.1,0.5,homogeneous,0.5,0.5,0.5,0.0,5,improving,True,0.1,500,0.8335474537037041,8,True,8,0.9993055555555556,771,0,0.5,0.0
255578a4cc38c927,8,40,40,0.1,0.5,homogeneous,0.5,0.5,0.5,0.0,5,improving,True,0.1,500,0.8304456018518523,7,True,7,0.9986111111111111,732,0,0.5,0.0
d5b246484f40f053,9,40,40,0.1,0.5,homogeneous,0.5,0.5,0.5,0.0,5,improving,True,0.1,500,0.8229985119047625,6,True,6,0.9965277777777778,730,0,0.5,0.0
a6a78cde8f554b9d,0,40,40,0.1,0.5,homogeneous,0.5,0.5,0.5,0.0,5,best_fit,False,0.1,500,0.8618551587301594,5,True,5,1.0,565,0,0.5,0.0
fbf7a39d7022357d,1,40,40,0.1,0.5,homogeneous,0.5,0.5,0.5,0.0,5,best_fit,False,0.1,500,0.8559160052910053,7,True,7,1.0,621,0,0.5,0.0
6fded2ec7f3f54eb,2,40,40,0.1,0.5,homogeneous,0.5,0.5,0.5,0.0,5,best_fit,False,0.1,500,0.8555431547619047,26,True,26,1.0,644,0,0.5,0.0
444c9b5a3c405415,3,40,40,0.1,0.5,homogeneous,0.5,0.5,0.5,0.0,5,best_fit,False,0.1,500,0.855967261904762,8,True,8,1.0,621,0,0.5,0.0
da6442088a619ffc,4,40,40,0.1,0.5,homogeneous,0.5,0.5,0.5,0.0,5,best_fit,False,0.1,500,0.8671420304232808,5,True,5,1.0,583,0,0.5,0.0
1407baed98d3d943,5,40,40,0.1,0.5,homogeneous,0.5,0.5,0.5,0.0,5,best_fit,False,0.1,500,0.850523313492063,500,False,,0.9993055555555556,1094,0,0.5,0.0
ba118fc762ac331e,6,40,40,0.1,0.5,homogeneous,0.5,0.5,0.5,0.0,5,best_fit,False,0.1,500,0.8563583002645506,11,True,11,1.0,609,0,0.5,0.0
99f67ee96cfc7d46,7,40,40,0.1,0.5,homogeneous,0.5,0.5,0.5,0.0,5,best_fit,False,0.1,500,0.8536970899470909,8,True,8,1.0,587,0,0.5,0.0
3ca991704bec1d80,8,40,40,0.1,0.5,homogeneous,0.5,0.5,0.5,0.0,5,best_fit,False,0.1,500,0.8587152777777789,5,True,5,1.0,606,0,0.5,0.0
dafebec6f4dc9bc3,9,40,40,0.1,0.5,homogeneous,0.5,0.5,0.5,0.0,5,best_fit,False,0.1,500,0.8601339285714286,8,True,8,1.0,616,0,0.5,0.0
34d89f1fe7cc34dd,0,40,40,0.1,0.5,homogeneous,0.5,0.5,0.5,0.0,5,best_fit,True,0.1,500,0.8618551587301594,5,True,5,1.0,565,0,0.5,0.0
96d05fa0b3ecb2e0,1,40,40,0.1,0.5,homogeneous,0.5,0.5,0.5,0.0,5,best_fit,True,0.1,500,0.8559160052910053,7,True,7,1.0,621,0,0.5,0.0
97cfdc1f3a8311ff,2,40,40,0.1,0.5,homogeneous,0.5,0.5,0.5,0.0,5,best_fit,True,0.1,500,0.8555431547619047,26,True,26,1.0,644,0,0.5,0.0
4ba11bfb278471ed,3,40,40,0.1,0.5,homogeneous,0.5,0.5,0.5,0.0,5,best_fit,True,0.1,500,0.855967261904762,8,True,8,1.0,621,0,0.5,0.0
3193dad4407ee324,4,40,40,0.1,0.5,homogeneous,0.5,0.5,0.5,0.0,5,best_fit,True,0.1,500,0.8671420304232808,5,True,5,1.0,583,0,0.5,0.0
4ea556176826f358,5,40,40,0.1,0.5,homogeneous,0.5,0.5,0.5,0.0,5,best_fit,True,0.1,500,0.850523313492063,500,False,,0.9993055555555556,1094,0,0.5,0.0
cc02c501649205a4,6,40,40,0.1,0.5,homogeneous,0.5,0.5,0.5,0.0,5,best_fit,True,0.1,500,0.8563583002645506,11,True,11,1.0,609,0,0.5,0.0
eb2158a1beff8c48,7,40,40,0.1,0.5,homogeneous,0.5,0.5,0.5,0.0,5,best_fit,True,0.1,500,0.8536970899470909,8,True,8,1.0,587,0,0.5,0.0
930cbf92a370e834,8,40,40,0.1,0.5,homogeneous,0.5,0.5,0.5,0.0,5,best_fit,True,0.1,500,0.8587152777777789,5,True,5,1.0,606,0,0.5,0.0
5904cd19b95ce2c5,9,40,40,0.1,0.5,homogeneous,0.5,0.5,0.5,0.0,5,best_fit,True,0.1,500,0.8601339285714286,8,True,8,1.0,616,0,0.5,0.0
ad3f16b3a1c07390,0,40,40,0.1,0.5,low,0.4,0.6,0.5,0.05895070154769968,1,random,False,0.1,500,0.7011326058201037,500,False,,0.8618055555555556,33624,0,0.5,0.05895070154769968
3d4c920e6bcff874,1,40,40,0.1,0.5,low,0.4,0.6,0.5,0.05717231796225254,1,random,False,0.1,500,0.6856473214285692,500,False,,0.8513888888888889,31282,0,0.5,0.05717231796225254
a800d8c861043520,2,40,40,0.1,0.5,low,0.4,0.6,0.5,0.058233242780678623,1,random,False,0.1,500,0.689683366402114,500,False,,0.8555555555555555,35346,0,0.5,0.058233242780678623
b1987bbfca67e200,3,40,40,0.1,0.5,low,0.4,0.6,0.5,0.0562634262284621,1,random,False,0.1,500,0.6884589947089924,500,False,,0.8534722222222222,26656,0,0.5,0.0562634262284621
1a016de308a37375,4,40,40,0.1,0.5,low,0.4,0.6,0.5,0.057641325042679915,1,random,False,0.1,500,0.7033829365079338,500,False,,0.8583333333333333,34104,0,0.5,0.057641325042679915
ebb56d0eaa6b662b,5,40,40,0.1,0.5,low,0.4,0.6,0.5,0.058915600748713895,1,random,False,0.1,500,0.698163855820104,500,False,,0.8548611111111111,37018,0,0.5,0.058915600748713895
3d98bd32c3e56560,6,40,40,0.1,0.5,low,0.4,0.6,0.5,0.05849642388454247,1,random,False,0.1,500,0.7072676917989399,500,False,,0.8736111111111111,27550,0,0.5,0.05849642388454247
c32b4a0248eb0be2,7,40,40,0.1,0.5,low,0.4,0.6,0.5,0.05816957693473804,1,random,False,0.1,500,0.6981134259259233,500,False,,0.8715277777777778,34436,0,0.5,0.05816957693473804
dbf5dd3d73b80a75,8,40,40,0.1,0.5,low,0.4,0.6,0.5,0.05627409109991527,1,random,False,0.1,500,0.6954513888888871,500,False,,0.8652777777777778,28831,0,0.5,0.05627409109991527
b61773ad37d69497,9,40,40,0.1,0.5,low,0.4,0.6,0.5,0.05825163886203581,1,random,False,0.1,500,0.6881861772486754,500,False,,0.8590277777777777,33040,0,0.5,0.05825163886203581
0e0bdf574567ca34,0,40,40,0.1,0.5,low,0.4,0.6,0.5,0.05895070154769968,1,random,True,0.1,500,0.7164252645502622,500,False,,0.8784722222222222,31237,720000,0.5001412770900194,0.0033777250823477383
39832c4f80fe809b,1,40,40,0.1,0.5,low,0.4,0.6,0.5,0.05717231796225254,1,random,True,0.1,500,0.699680059523807,500,False,,0.8534722222222222,32237,720000,0.5001816145245088,0.0021245807046859763
d234c87faeebc33e,2,40,40,0.1,0.5,low,0.4,0.6,0.5,0.058233242780678623,1,random,True,0.1,500,0.7024503968253947,500,False,,0.8625,37040,720000,0.5002380077518573,0.003932419023111544
3f1e943c8f9f8e3a,3,40,40,0.1,0.5,low,0.4,0.6,0.5,0.0562634262284621,1,random,True,0.1,500,0.7094345238095211,500,False,,0.8791666666666667,32649,720000,0.4998923814091496,0.0034759807915657023
3e84b6fd6b3e616f,4,40,40,0.1,0.5,low,0.4,0.6,0.5,0.057641325042679915,1,random,True,0.1,500,0.71362847222222,500,False,,0.8722222222222222,32434,720000,0.5001105217420181,0.003560533086929412
b0a37db58fadd06d,5,40,40,0.1,0.5,low,0.4,0.6,0.5,0.058915600748713895,1,random,True,0.1,500,0.701822089947088,500,False,,0.8548611111111111,34021,720000,0.49989281049292866,0.003394411470792702
9a2f8a174249fce3,6,40,40,0.1,0.5,low,0.4,0.6,0.5,0.05849642388454247,1,random,True,0.1,500,0.7084102182539661,500,False,,0.86875,32615,720000,0.5000292916186523,0.0028303918269933326
ea022586eebb8e15,7,40,40,0.1,0.5,low,0.4,0.6,0.5,0.05816957693473804,1,random,True,0.1,500,0.6930844907407377,500,False,,0.8513888888888889,42093,720000,0.5002006705414154,0.0024855399318230004
7e384fa09f216b3f,8,40,40,0.1,0.5,low,0.4,0.6,0.5,0.05627409109991527,1,random,True,0.1,500,0.7048272156084628,500,False,,0.8791666666666667,32135,719999,0.5001026842101285,0.002657389653844131
b2e297da8972d437,9,40,40,0.1,0.5,low,0.4,0.6,0.5,0.05825163886203581,1,random,True,0.1,500,0.7030307539682517,500,False,,0.8736111111111111,26317,720000,0.5002891190285673,0.003237026412988202
ceee34a3c45c249a,0,40,40,0.1,0.5,low,0.4,0.6,0.5,0.05895070154769968,1,improving,False,0.1,500,0.6417410714285701,9,True,9,0.7701388888888889,536,0,0.5,0.05895070154769968
36a2fcbeef51359b,1,40,40,0.1,0.5,low,0.4,0.6,0.5,0.05717231796225254,1,improving,False,0.1,500,0.6274140211640196,10,True,10,0.7416666666666667,507,0,0.5,0.05717231796225254
782ab97efe8a4ce9,2,40,40,0.1,0.5,low,0.4,0.6,0.5,0.058233242780678623,1,improving,False,0.1,500,0.6368865740740721,9,True,9,0.76875,491,0,0.5,0.058233242780678623
ce41cc1fc6532649,3,40,40,0.1,0.5,low,0.4,0.6,0.5,0.0562634262284621,1,improving,False,0.1,500,0.643087797619046,9,True,9,0.7770833333333333,503,0,0.5,0.0562634262284621
c77fec6f10b7eba6,4,40,40,0.1,0.5,low,0.4,0.6,0.5,0.057641325042679915,1,improving,False,0.1,500,0.6367460317460298,10,True,10,0.75,490,0,0.5,0.057641325042679915
9df7da951cd4899c,5,40,40,0.1,0.5,low,0.4,0.6,0.5,0.058915600748713895,1,improving,False,0.1,500,0.6218601190476177,6,True,6,0.7416666666666667,447,0,0.5,0.058915600748713895
0b2160892c74094e,6,40,40,0.1,0.5,low,0.4,0.6,0.5,0.05849642388454247,1,improving,False,0.1,500,0.6465401785714265,11,True,11,0.7909722222222222,498,0,0.5,0.05849642388454247
862ce5637b14e4de,7,40,40,0.1,0.5,low,0.4,0.6,0.5,0.05816957693473804,1,improving,False,0.1,500,0.6200512566137552,8,True,8,0.7388888888888889,449,0,0.5,0.05816957693473804
8898a9de603fad17,8,40,40,0.1,0.5,low,0.4,0.6,0.5,0.05627409109991527,1,improving,False,0.1,500,0.6287946428571408,9,True,9,0.7506944444444444,454,0,0.5,0.05627409109991527
1aeb4f2f3c377b5e,9,40,40,0.1,0.5,low,0.4,0.6,0.5,0.05825163886203581,1,improving,False,0.1,500,0.6299280753968237,6,True,6,0.7652777777777777,438,0,0.5,0.05825163886203581
0e96bbe1ac5996a5,0,40,40,0.1,0.5,low,0.4,0.6,0.5,0.05895070154769968,1,improving,True,0.1,500,0.6488864087301571,500,False,,0.775,569,720000,0.4999222102692548,0.0035082540912071717
c66f0a73bebf6463,1,40,40,0.1,0.5,low,0.4,0.6,0.5,0.05717231796225254,1,improving,True,0.1,500,0.6333242394179878,500,False,,0.7423611111111111,530,720000,0.500321872728085,0.002393858605696199
38a1f7d174af03ea,2,40,40,0.1,0.5,low,0.4,0.6,0.5,0.058233242780678623,1,improving,True,0.1,500,0.6480787037037018,500,False,,0.7631944444444444,544,720000,0.4999712365066904,0.003910253309166972
4a78c93a185e2417,3,40,40,0.1,0.5,low,0.4,0.6,0.5,0.0562634262284621,1,improving,True,0.1,500,0.6499586640211619,500,False,,0.7986111111111112,526,720000,0.49975081261377524,0.0037167652553204236
6a5433a152680de5,4,40,40,0.1,0.5,low,0.4,0.6,0.5,0.057641325042679915,1,improving,True,0.1,500,0.6477248677248671,500,False,,0.7569444444444444,528,720000,0.5001667543132255,0.0036602245210284666
3567bde0d0ba0710,5,40,40,0.1,0.5,low,0.4,0.6,0.5,0.058915600748713895,1,improving,True,0.1,500,0.6343220899470882,500,False,,0.7361111111111112,485,720000,0.4997872496380951,0.0032382012197998368
67f0e7808dd0874a,6,40,40,0.1,0.5,low,0.4,0.6,0.5,0.05849642388454247,1,improving,True,0.1,500,0.6539517195767179,500,False,,0.8006944444444445,525,720000,0.4996983434742537,0.0027588407499395174
e8c0ab630332be27,7,40,40,0.1,0.5,low,0.4,0.6,0.5,0.05816957693473804,1,improving,True,0.1,500,0.6328513558201033,500,False,,0.7541666666666667,498,720000,0.49991100232466323,0.002979749802282668
939fd8d1ad2cafcc,8,40,40,0.1,0.5,low,0.4,0.6,0.5,0.05627409109991527,1,improving,True,0.1,500,0.6323148148148127,500,False,,0.7451388888888889,463,720000,0.5000600975493386,0.002837984107381352
a0642e06db48c223,9,40,40,0.1,0.5,low,0.4,0.6,0.5,0.05825163886203581,1,improving,True,0.1,500,0.6366220238095222,500,False,,0.7680555555555556,476,720000,0.4999790181267688,0.0034478827122129633
dd0e4c9608d63f4b,0,40,40,0.1,0.5,low,0.4,0.6,0.5,0.05895070154769968,1,best_fit,False,0.1,500,0.6872900132275107,500,False,,0.85,33612,0,0.5,0.05895070154769968
cbc0621b119ae430,1,40,40,0.1,0.5,low,0.4,0.6,0.5,0.05717231796225254,1,best_fit,False,0.1,500,0.68810929232804,500,False,,0.8534722222222222,23867,0,0.5,0.05717231796225254
3389c34401322b76,2,40,40,0.1,0.5,low,0.4,0.6,0.5,0.058233242780678623,1,best_fit,False,0.1,500,0.682155257936506,500,False,,0.8548611111111111,41451,0,0.5,0.058233242780678623
d770bf7f594145d6,3,40,40,0.1,0.5,low,0.4,0.6,0.5,0.0562634262284621,1,best_fit,False,0.1,500,0.6934639550264536,500,False,,0.8555555555555555,35715,0,0.5,0.0562634262284621
9776cc33c6f53938,4,40,40,0.1,0.5,low,0.4,0.6,0.5,0.057641325042679915,1,best_fit,False,0.1,500,0.6900264550264534,500,False,,0.8493055555555555,29913,0,0.5,0.057641325042679915
b17530218492582d,5,40,40,0.1,0.5,low,0.4,0.6,0.5,0.058915600748713895,1,best_fit,False,0.1,500,0.6892170965608442,500,False,,0.8569444444444444,29590,0,0.5,0.058915600748713895
4671dc5cbbe2ab05,6,40,40,0.1,0.5,low,0.4,0.6,0.5,0.05849642388454247,1,best_fit,False,0.1,500,0.6875727513227486,500,False,,0.8569444444444444,42588,0,0.5,0.05849642388454247
be35894a7d2ca129,7,40,40,0.1,0.5,low,0.4,0.6,0.5,0.05816957693473804,1,best_fit,False,0.1,500,0.6878951719576704,500,False,,0.8597222222222223,38087,0,0.5,0.05816957693473804
66766d01a76e9ff1,8,40,40,0.1,0.5,low,0.4,0.6,0.5,0.05627409109991527,1,best_fit,False,0.1,500,0.6934747023809501,500,False,,0.8541666666666666,28062,0,0.5,0.05627409109991527
5fa2a6258540973c,9,40,40,0.1,0.5,low,0.4,0.6,0.5,0.05825163886203581,1,best_fit,False,0.1,500,0.6864608134920615,500,False,,0.8451388888888889,32407,0,0.5,0.05825163886203581
bb53438694935cd7,0,40,40,0.1,0.5,low,0.4,0.6,0.5,0.05895070154769968,1,best_fit,True,0.1,500,0.7085251322751303,500,False,,0.8590277777777777,34712,720000,0.5001317673099269,0.003034527471034713
e75ddafced7446ab,1,40,40,0.1,0.5,low,0.4,0.6,0.5,0.05717231796225254,1,best_fit,True,0.1,500,0.7049247685185169,500,False,,0.8604166666666667,32226,720000,0.5004942159509086,0.0021485197048364923
1e4d1e7a454a14d5,2,40,40,0.1,0.5,low,0.4,0.6,0.5,0.058233242780678623,1,best_fit,True,0.1,500,0.7139045965608446,500,False,,0.8680555555555556,34006,720000,0.5003639342459251,0.0038307721542571384
31b7239752af8030,3,40,40,0.1,0.5,low,0.4,0.6,0.5,0.0562634262284621,1,best_fit,True,0.1,500,0.7027041997354481,500,False,,0.8840277777777777,33842,720000,0.4999175903851431,0.0034632287222943854
c33563faec6c4557,4,40,40,0.1,0.5,low,0.4,0.6,0.5,0.057641325042679915,1,best_fit,True,0.1,500,0.7100942460317442,500,False,,0.8645833333333334,28984,720000,0.5001379791489085,0.0037926855051896298
0a97cd5494f04ebc,5,40,40,0.1,0.5,low,0.4,0.6,0.5,0.058915600748713895,1,best_fit,True,0.1,500,0.7062929894179868,500,False,,0.8583333333333333,35115,720000,0.5001165776258213,0.0033630726320313413
c2c76b2eb0c0bc31,6,40,40,0.1,0.5,low,0.4,0.6,0.5,0.05849642388454247,1,best_fit,True,0.1,500,0.7065492724867707,500,False,,0.8590277777777777,33222,720000,0.5001519198260249,0.002719467021535527
4e7780f758e39548,7,40,40,0.1,0.5,low,0.4,0.6,0.5,0.05816957693473804,1,best_fit,True,0.1,500,0.7041269841269819,500,False,,0.8611111111111112,33539,720000,0.5001812768337945,0.002615209523939132
553f107362fc866a,8,40,40,0.1,0.5,low,0.4,0.6,0.5,0.05627409109991527,1,best_fit,True,0.1,500,0.6952521494708982,500,False,,0.8569444444444444,31926,720000,0.5001064279154194,0.00271410713563313
374f789bd5be09d0,9,40,40,0.1,0.5,low,0.4,0.6,0.5,0.05825163886203581,1,best_fit,True,0.1,500,0.7025322420634905,500,False,,0.86875,31448,720000,0.5001428736145302,0.0033413145879447447
8e8f6555086a6958,0,40,40,0.1,0.5,low,0.4,0.6,0.5,0.05895070154769968,3,random,False,0.1,500,0.8555820105820102,500,False,,0.9965277777777778,5649,0,0.5,0.05895070154769968
c27ceef82d1552e8,1,40,40,0.1,0.5,low,0.4,0.6,0.5,0.05717231796225254,3,random,False,0.1,500,0.8438417658730163,500,False,,0.9979166666666667,3964,0,0.5,0.05717231796225254
a1e92637b886b234,2,40,40,0.1,0.5,low,0.4,0.6,0.5,0.058233242780678623,3,random,False,0.1,500,0.8481622023809527,500,False,,0.9993055555555556,4063,0,0.5,0.058233242780678623
cc9d8429f8bfd52a,3,40,40,0.1,0.5,low,0.4,0.6,0.5,0.0562634262284621,3,random,False,0.1,500,0.8486301256613759,500,False,,0.9972222222222222,4784,0,0.5,0.0562634262284621
7f9edab809abbdd5,4,40,40,0.1,0.5,low,0.4,0.6,0.5,0.057641325042679915,3,random,False,0.1,500,0.8390773809523823,500,False,,0.9979166666666667,4163,0,0.5,0.057641325042679915
f40e2613ef5308f7,5,40,40,0.1,0.5,low,0.4,0.6,0.5,0.058915600748713895,3,random,False,0.1,500,0.8390955687830697,500,False,,0.9972222222222222,5389,0,0.5,0.058915600748713895
e4cb4bff974fa376,6,40,40,0.1,0.5,low,0.4,0.6,0.5,0.05849642388454247,3,random,False,0.1,500,0.8449107142857146,500,False,,0.9965277777777778,5717,0,0.5,0.05849642388454247
d0d5fbe308ef777d,7,40,40,0.1,0.5,low,0.4,0.6,0.5,0.05816957693473804,3,random,False,0.1,500,0.8504555224867727,500,False,,0.9972222222222222,4843,0,0.5,0.05816957693473804
9b13737a627c8be1,8,40,40,0.1,0.5,low,0.4,0.6,0.5,0.05627409109991527,3,random,False,0.1,500,0.8392022156084661,500,False,,0.9986111111111111,3945,0,0.5,0.05627409109991527
4bfe9ab8bef0fcd3,9,40,40,0.1,0.5,low,0.4,0.6,0.5,0.05825163886203581,3,random,False,0.1,500,0.8337632275132271,500,False,,0.9972222222222222,5136,0,0.5,0.05825163886203581
d588b2ea417ba5f3,0,40,40,0.1,0.5,low,0.4,0.6,0.5,0.05895070154769968,3,random,True,0.1,500,0.8781200396825403,500,False,,0.9986111111111111,5033,720000,0.4997244479932753,0.003467426718466816
26f379984eb3c326,1,40,40,0.1,0.5,low,0.4,0.6,0.5,0.05717231796225254,3,random,True,0.1,500,0.8709771825396828,500,False,,0.9944444444444445,7530,720000,0.4999515444712167,0.0023185628363328096
bbbfeae50a877712,2,40,40,0.1,0.5,low,0.4,0.6,0.5,0.058233242780678623,3,random,True,0.1,500,0.8689525462962976,500,False,,0.9993055555555556,5512,720000,0.4999253596505571,0.003980894907346656
0ee7e189ac0fc93e,3,40,40,0.1,0.5,low,0.4,0.6,0.5,0.0562634262284621,3,random,True,0.1,500,0.8710152116402121,500,False,,0.9993055555555556,5866,719977,0.4998811486781172,0.003594773713856775
edc10b5d98964829,4,40,40,0.1,0.5,low,0.4,0.6,0.5,0.057641325042679915,3,random,True,0.1,500,0.8673032407407408,500,False,,0.9993055555555556,5085,720000,0.4994233738296709,0.0035735379783109634
3ac9fed3066694b6,5,40,40,0.1,0.5,low,0.4,0.6,0.5,0.058915600748713895,3,random,True,0.1,500,0.8549652777777782,500,False,,0.9993055555555556,4280,719998,0.4995580253068801,0.0033180770151055032
1e0f6fdd3a0ddf0e,6,40,40,0.1,0.5,low,0.4,0.6,0.5,0.05849642388454247,3,random,True,0.1,500,0.8612285052910056,500,False,,0.9993055555555556,6250,719994,0.4997448533641851,0.002446074089862029
95d3709eabb951ba,7,40,40,0.1,0.5,low,0.4,0.6,0.5,0.05816957693473804,3,random,True,0.1,500,0.8573164682539699,500,False,,0.9958333333333333,5706,719979,0.4996083164911933,0.0031713511211895803
538717e980ad920b,8,40,40,0.1,0.5,low,0.4,0.6,0.5,0.05627409109991527,3,random,True,0.1,500,0.8570758928571428,500,False,,0.9979166666666667,4254,720000,0.49981750545120707,0.0026499491560776287
19052920b1d327fc,9,40,40,0.1,0.5,low,0.4,0.6,0.5,0.05825163886203581,3,random,True,0.1,500,0.8538649140211642,500,False,,0.9993055555555556,4109,719997,0.49938668781411644,0.0038004566227761052
729725906df6fc06,0,40,40,0.1,0.5,low,0.4,0.6,0.5,0.05895070154769968,3,improving,False,0.1,500,0.8389409722222232,14,True,14,0.9875,1008,0,0.5,0.05895070154769968
b36bbdf7a8f5552f,1,40,40,0.1,0.5,low,0.4,0.6,0.5,0.05717231796225254,3,improving,False,0.1,500,0.8252984457671969,11,True,11,0.9826388888888888,951,0,0.5,0.05717231796225254
3b9d4e21dcc9bdcf,2,40,40,0.1,0.5,low,0.4,0.6,0.5,0.058233242780678623,3,improving,False,0.1,500,0.8197751322751318,11,True,11,0.9833333333333333,964,0,0.5,0.058233242780678623
b78854225574a836,3,40,40,0.1,0.5,low,0.4,0.6,0.5,0.0562634262284621,3,improving,False,0.1,500,0.8068832671957678,7,True,7,0.9784722222222222,853,0,0.5,0.0562634262284621
79182a3ec761a5ad,4,40,40,0.1,0.5,low,0.4,0.6,0.5,0.057641325042679915,3,improving,False,0.1,500,0.8177422288359784,9,True,9,0.9756944444444444,874,0,0.5,0.057641325042679915
2db2f2cf10a1514a,5,40,40,0.1,0.5,low,0.4,0.6,0.5,0.058915600748713895,3,improving,False,0.1,500,0.8288045634920634,10,True,10,0.9819444444444444,928,0,0.5,0.058915600748713895
45eb8e0935a4071e,6,40,40,0.1,0.5,low,0.4,0.6,0.5,0.05849642388454247,3,improving,False,0.1,500,0.8171618716931215,11,True,11,0.9777777777777777,950,0,0.5,0.05849642388454247
5346bfa1d51c99f6,7,40,40,0.1,0.5,low,0.4,0.6,0.5,0.05816957693473804,3,improving,False,0.1,500,0.8195808531746026,10,True,10,0.9791666666666666,931,0,0.5,0.05816957693473804
1cf00da01eca7cc9,8,40,40,0.1,0.5,low,0.4,0.6,0.5,0.05627409109991527,3,improving,False,0.1,500,0.8227835648148156,8,True,8,0.9826388888888888,908,0,0.5,0.05627409109991527
185843965ed01743,9,40,40,0.1,0.5,low,0.4,0.6,0.5,0.05825163886203581,3,improving,False,0.1,500,0.8230877976190476,10,True,10,0.9854166666666667,946,0,0.5,0.05825163886203581
21644d057d2b8a97,0,40,40,0.1,0.5,low,0.4,0.6,0.5,0.05895070154769968,3,improving,True,0.1,500,0.8523627645502658,500,False,,0.9819444444444444,1026,720000,0.4998800565376973,0.0034271495302851465
8cb96fde72a3e0b1,1,40,40,0.1,0.5,low,0.4,0.6,0.5,0.05717231796225254,3,improving,True,0.1,500,0.8422999338624336,500,False,,0.9819444444444444,1023,720000,0.5001193560333701,0.002291325241310345
4208a48be659e741,2,40,40,0.1,0.5,low,0.4,0.6,0.5,0.058233242780678623,3,improving,True,0.1,500,0.8377571097883603,500,False,,0.9833333333333333,1053,719999,0.49999144476573903,0.0038730384671548978
5a32b215787b1eed,3,40,40,0.1,0.5,low,0.4,0.6,0.5,0.0562634262284621,3,improving,True,0.1,500,0.831708002645503,500,False,,0.9895833333333334,977,720000,0.49977751298748685,0.003711377347054781
14e82e04d2ef4c41,4,40,40,0.1,0.5,low,0.4,0.6,0.5,0.057641325042679915,3,improving,True,0.1,500,0.8353191137566152,500,False,,0.9763888888888889,934,720000,0.4995370835859606,0.0034827941744656767
cc7bace7a322b603,5,40,40,0.1,0.5,low,0.4,0.6,0.5,0.058915600748713895,3,improving,True,0.1,500,0.8448710317460323,500,False,,0.9819444444444444,1007,720000,0.49992162765769926,0.003079331514382812
05e25364d66ad588,6,40,40,0.1,0.5,low,0.4,0.6,0.5,0.05849642388454247,3,improving,True,0.1,500,0.8305836640211642,500,False,,0.9777777777777777,1017,720000,0.5000282037512107,0.002490271371128945
75bc7a9c1029510d,7,40,40,0.1,0.5,low,0.4,0.6,0.5,0.05816957693473804,3,improving,True,0.1,500,0.8392642195767206,500,False,,0.9805555555555555,996,720000,0.4993919990130523,0.003211950052610205
7c0f639e623c3c3f,8,40,40,0.1,0.5,low,0.4,0.6,0.5,0.05627409109991527,3,improving,True,0.1,500,0.8416484788359797,500,False,,0.9881944444444445,965,720000,0.5001314152963512,0.0025347086219641092
063dafaa40be25f8,9,40,40,0.1,0.5,low,0.4,0.6,0.5,0.05825163886203581,3,improving,True,0.1,500,0.8378290343915354,500,False,,0.9923611111111111,998,720000,0.5000207093452664,0.003823398404384114
3d755abe453f2b4b,0,40,40,0.1,0.5,low,0.4,0.6,0.5,0.05895070154769968,3,best_fit,False,0.1,500,0.8680100859788362,500,False,,0.9972222222222222,2455,0,0.5,0.05895070154769968
6069575134975732,1,40,40,0.1,0.5,low,0.4,0.6,0.5,0.05717231796225254,3,best_fit,False,0.1,500,0.838907076719578,500,False,,0.9923611111111111,6542,0,0.5,0.05717231796225254
7aba2fdd009e926d,2,40,40,0.1,0.5,low,0.4,0.6,0.5,0.058233242780678623,3,best_fit,False,0.1,500,0.8435069444444453,500,False,,0.9930555555555556,6021,0,0.5,0.058233242780678623
60efe62b25fe8e99,3,40,40,0.1,0.5,low,0.4,0.6,0.5,0.0562634262284621,3,best_fit,False,0.1,500,0.8496122685185196,500,False,,0.9965277777777778,3439,0,0.5,0.0562634262284621
9466582fc5aa4a0f,4,40,40,0.1,0.5,low,0.4,0.6,0.5,0.057641325042679915,3,best_fit,False,0.1,500,0.8493998015873021,500,False,,0.99375,4573,0,0.5,0.057641325042679915
0c02fef2104b7945,5,40,40,0.1,0.5,low,0.4,0.6,0.5,0.058915600748713895,3,best_fit,False,0.1,500,0.8285929232804228,500,False,,0.9930555555555556,5397,0,0.5,0.058915600748713895
9be87a1bd1485516,6,40,40,0.1,0.5,low,0.4,0.6,0.5,0.05849642388454247,3,best_fit,False,0.1,500,0.8476959325396836,500,False,,0.9951388888888889,4750,0,0.5,0.05849642388454247
93c887f942654895,7,40,40,0.1,0.5,low,0.4,0.6,0.5,0.05816957693473804,3,best_fit,False,0.1,500,0.8383399470899471,500,False,,0.9923611111111111,6172,0,0.5,0.05816957693473804
bec2cccf39657de8,8,40,40,0.1,0.5,low,0.4,0.6,0.5,0.05627409109991527,3,best_fit,False,0.1,500,0.8418708664021147,500,False,,0.99375,5188,0,0.5,0.05627409109991527
04a6ac7e15a5151e,9,40,40,0.1,0.5,low,0.4,0.6,0.5,0.05825163886203581,3,best_fit,False,0.1,500,0.8454803240740737,500,False,,0.9951388888888889,4416,0,0.5,0.05825163886203581
40ad1514931cd8d3,0,40,40,0.1,0.5,low,0.4,0.6,0.5,0.05895070154769968,3,best_fit,True,0.1,500,0.8831498015873022,500,False,,0.9944444444444445,4628,720000,0.49998215433439624,0.0035076428324383757
c89c0a75f60ee914,1,40,40,0.1,0.5,low,0.4,0.6,0.5,0.05717231796225254,3,best_fit,True,0.1,500,0.8680671296296304,500,False,,0.9965277777777778,4081,720000,0.49990044358948854,0.0025282058837005866
01517df5e4e59719,2,40,40,0.1,0.5,low,0.4,0.6,0.5,0.058233242780678623,3,best_fit,True,0.1,500,0.8657151124338637,500,False,,0.9979166666666667,3290,720000,0.49979751585327264,0.003632308917812332
cae097ed37a88172,3,40,40,0.1,0.5,low,0.4,0.6,0.5,0.0562634262284621,3,best_fit,True,0.1,500,0.8615567129629639,500,False,,0.9972222222222222,3223,719868,0.4994348376322336,0.003557980087759446
885e13fb4e33f2bb,4,40,40,0.1,0.5,low,0.4,0.6,0.5,0.057641325042679915,3,best_fit,True,0.1,500,0.8740525793650794,500,False,,0.99375,4498,720000,0.4995738513202747,0.0032506117947765714
aeb66b05ac52ba60,5,40,40,0.1,0.5,low,0.4,0.6,0.5,0.058915600748713895,3,best_fit,True,0.1,500,0.8581456679894189,500,False,,0.99375,5444,720000,0.4997852749684204,0.0033813727651035804
c6de3b2f651e0eb7,6,40,40,0.1,0.5,low,0.4,0.6,0.5,0.05849642388454247,3,best_fit,True,0.1,500,0.8679869378306887,500,False,,0.9965277777777778,3989,720000,0.5001421967659214,0.002784726698941252
a42bbad01e807d9b,7,40,40,0.1,0.5,low,0.4,0.6,0.5,0.05816957693473804,3,best_fit,True,0.1,500,0.8662392526455028,500,False,,0.9944444444444445,4704,720000,0.4993131432447117,0.003065140901006483
2a79b87f116f98f4,8,40,40,0.1,0.5,low,0.4,0.6,0.5,0.05627409109991527,3,best_fit,True,0.1,500,0.8626297949735462,500,False,,0.9965277777777778,3873,720000,0.49995267063786,0.0023087665625411554
54a3724abf1af7c1,9,40,40,0.1,0.5,low,0.4,0.6,0.5,0.05825163886203581,3,best_fit,True,0.1,500,0.8669188161375677,500,False,,0.9958333333333333,3963,720000,0.49959810505029983,0.0031113902620761077
b0202c3a276b09ad,0,40,40,0.1,0.5,low,0.4,0.6,0.5,0.05895070154769968,5,random,False,0.1,500,0.8673503637566146,41,True,41,1.0,2046,0,0.5,0.05895070154769968
d031979244b6eba6,1,40,40,0.1,0.5,low,0.4,0.6,0.5,0.05717231796225254,5,random,False,0.1,500,0.87070849867725,67,True,67,1.0,2270,0,0.5,0.05717231796225254
426c09a34ce0f4ff,2,40,40,0.1,0.5,low,0.4,0.6,0.5,0.058233242780678623,5,random,False,0.1,500,0.872771990740741,34,True,34,1.0,2261,0,0.5,0.058233242780678623
812b5fb7285116d3,3,40,40,0.1,0.5,low,0.4,0.6,0.5,0.0562634262284621,5,random,False,0.1,500,0.8685028108465607,29,True,29,1.0,2086,0,0.5,0.0562634262284621
af5c9b2b8fc3cde2,4,40,40,0.1,0.5,low,0.4,0.6,0.5,0.057641325042679915,5,random,False,0.1,500,0.8741154100529103,28,True,28,1.0,1858,0,0.5,0.057641325042679915
23cbc73e22835cae,5,40,40,0.1,0.5,low,0.4,0.6,0.5,0.058915600748713895,5,random,False,0.1,500,0.8550620039682545,51,True,51,1.0,2049,0,0.5,0.058915600748713895
7533c21d72d072a5,6,40,40,0.1,0.5,low,0.4,0.6,0.5,0.05849642388454247,5,random,False,0.1,500,0.8584457671957684,75,True,75,1.0,2053,0,0.5,0.05849642388454247
7f1591025d0364dc,7,40,40,0.1,0.5,low,0.4,0.6,0.5,0.05816957693473804,5,random,False,0.1,500,0.8725446428571442,40,True,40,1.0,2249,0,0.5,0.05816957693473804
6b269e7579e5768e,8,40,40,0.1,0.5,low,0.4,0.6,0.5,0.05627409109991527,5,random,False,0.1,500,0.866017691798941,42,True,42,1.0,2102,0,0.5,0.05627409109991527
fa9ade1ce23c4c51,9,40,40,0.1,0.5,low,0.4,0.6,0.5,0.05825163886203581,5,random,False,0.1,500,0.8587971230158729,36,True,36,1.0,2134,0,0.5,0.05825163886203581
b4069c8bba007e37,0,40,40,0.1,0.5,low,0.4,0.6,0.5,0.05895070154769968,5,random,True,0.1,500,0.8873247354497372,500,False,,1.0,2803,719995,0.4997104663098502,0.002715894725848194
df8114420b19ef7c,1,40,40,0.1,0.5,low,0.4,0.6,0.5,0.05717231796225254,5,random,True,0.1,500,0.8868601190476191,500,False,,1.0,2960,720000,0.49983027407481034,0.0025263908827510605
fd308b6271335ff8,2,40,40,0.1,0.5,low,0.4,0.6,0.5,0.058233242780678623,5,random,True,0.1,500,0.8788624338624343,500,False,,1.0,2432,718647,0.49950849183640916,0.0038764865065572937
a4cb7199d9bc6b32,3,40,40,0.1,0.5,low,0.4,0.6,0.5,0.0562634262284621,5,random,True,0.1,500,0.8813599537037049,500,False,,1.0,2242,720000,0.49941274796483576,0.003378710810759479
4b439b63ac331851,4,40,40,0.1,0.5,low,0.4,0.6,0.5,0.057641325042679915,5,random,True,0.1,500,0.8893320105820114,500,False,,1.0,2195,720000,0.49970921177864824,0.003770986566444518
a912c532258d818b,5,40,40,0.1,0.5,low,0.4,0.6,0.5,0.058915600748713895,5,random,True,0.1,500,0.8755596891534411,500,False,,1.0,2191,720000,0.49990122482724825,0.0037547525624758724
f1d06741aae0fd74,6,40,40,0.1,0.5,low,0.4,0.6,0.5,0.05849642388454247,5,random,True,0.1,500,0.8792476851851855,500,False,,1.0,2357,720000,0.4996894497499655,0.002609353100900615
4de4212eca06db36,7,40,40,0.1,0.5,low,0.4,0.6,0.5,0.05816957693473804,5,random,True,0.1,500,0.8889814814814817,500,False,,1.0,2652,719999,0.49970364540530227,0.0030946004932728964
edd0fee2b3400269,8,40,40,0.1,0.5,low,0.4,0.6,0.5,0.05627409109991527,5,random,True,0.1,500,0.8800950727513229,500,False,,1.0,2325,720000,0.49988173268375535,0.0022583121859751274
1256d21a23990794,9,40,40,0.1,0.5,low,0.4,0.6,0.5,0.05825163886203581,5,random,True,0.1,500,0.8720816798941812,500,False,,1.0,2470,720000,0.4995013320985891,0.0033955783491738233
e72b4c1bb5b1be11,0,40,40,0.1,0.5,low,0.4,0.6,0.5,0.05895070154769968,5,improving,False,0.1,500,0.8726479828042344,10,True,10,0.9986111111111111,980,0,0.5,0.05895070154769968
92f538d902aa1301,1,40,40,0.1,0.5,low,0.4,0.6,0.5,0.05717231796225254,5,improving,False,0.1,500,0.8653778108465614,12,True,12,1.0,967,0,0.5,0.05717231796225254
6d75089127c783a0,2,40,40,0.1,0.5,low,0.4,0.6,0.5,0.058233242780678623,5,improving,False,0.1,500,0.8665104166666666,9,True,9,0.9979166666666667,926,0,0.5,0.058233242780678623
09924de775df92c0,3,40,40,0.1,0.5,low,0.4,0.6,0.5,0.0562634262284621,5,improving,False,0.1,500,0.8664475859788366,11,True,11,1.0,992,0,0.5,0.0562634262284621
b1ca3295e2e17529,4,40,40,0.1,0.5,low,0.4,0.6,0.5,0.057641325042679915,5,improving,False,0.1,500,0.8594394841269837,11,True,11,0.9965277777777778,911,0,0.5,0.057641325042679915
f7eddcd1f41ce2d6,5,40,40,0.1,0.5,low,0.4,0.6,0.5,0.058915600748713895,5,improving,False,0.1,500,0.861165674603175,12,True,12,0.9979166666666667,947,0,0.5,0.058915600748713895
b522bdb38811ff68,6,40,40,0.1,0.5,low,0.4,0.6,0.5,0.05849642388454247,5,improving,False,0.1,500,0.8642551256613759,10,True,10,0.9972222222222222,933,0,0.5,0.05849642388454247
9008e79aa91beb77,7,40,40,0.1,0.5,low,0.4,0.6,0.5,0.05816957693473804,5,improving,False,0.1,500,0.8548511904761915,11,True,11,0.9979166666666667,894,0,0.5,0.05816957693473804
5969420769ac4b57,8,40,40,0.1,0.5,low,0.4,0.6,0.5,0.05627409109991527,5,improving,False,0.1,500,0.8591269841269851,8,True,8,0.9993055555555556,951,0,0.5,0.05627409109991527
7da97a661d71d53b,9,40,40,0.1,0.5,low,0.4,0.6,0.5,0.05825163886203581,5,improving,False,0.1,500,0.8504414682539682,10,True,10,0.9958333333333333,913,0,0.5,0.05825163886203581
ac5837626691d5aa,0,40,40,0.1,0.5,low,0.4,0.6,0.5,0.05895070154769968,5,improving,True,0.1,500,0.887938988095239,500,False,,0.9972222222222222,990,719999,0.500085519882838,0.0030788714361939225
584dba059d573c19,1,40,40,0.1,0.5,low,0.4,0.6,0.5,0.05717231796225254,5,improving,True,0.1,500,0.8795114087301599,500,False,,0.9979166666666667,1041,720000,0.4998169627203643,0.0022031563695663683
343819f5e095eac9,2,40,40,0.1,0.5,low,0.4,0.6,0.5,0.058233242780678623,5,improving,True,0.1,500,0.8818840939153457,500,False,,0.9986111111111111,1009,720000,0.499927791847218,0.003974718933842111
e766f10e8ce1a5ec,3,40,40,0.1,0.5,low,0.4,0.6,0.5,0.0562634262284621,5,improving,True,0.1,500,0.8778926917989427,500,False,,0.9993055555555556,1042,720000,0.4995607225606568,0.0034037104667346313
f114f320d1d4cf99,4,40,40,0.1,0.5,low,0.4,0.6,0.5,0.057641325042679915,5,improving,True,0.1,500,0.8779431216931223,500,False,,0.9909722222222223,970,720000,0.4998815847473036,0.003693757943842242
f30adc8f7fb6594b,5,40,40,0.1,0.5,low,0.4,0.6,0.5,0.058915600748713895,5,improving,True,0.1,500,0.8770543981481498,500,False,,0.9979166666666667,1038,720000,0.4996317362248466,0.0028155816510405467
5d0f289bcffa1492,6,40,40,0.1,0.5,low,0.4,0.6,0.5,0.05849642388454247,5,improving,True,0.1,500,0.888638392857144,500,False,,0.9979166666666667,1026,720000,0.4999543288563045,0.002947954983831887
554864763459e997,7,40,40,0.1,0.5,low,0.4,0.6,0.5,0.05816957693473804,5,improving,True,0.1,500,0.876273974867725,500,False,,0.9930555555555556,956,720000,0.4995050324071271,0.002591784131531316
4ab1de203a86eb4a,8,40,40,0.1,0.5,low,0.4,0.6,0.5,0.05627409109991527,5,improving,True,0.1,500,0.8769593253968272,500,False,,0.9993055555555556,1045,720000,0.4999297724772956,0.002835158803190817
daeb3783571f1788,9,40,40,0.1,0.5,low,0.4,0.6,0.5,0.05825163886203581,5,improving,True,0.1,500,0.8649884259259272,500,False,,0.9951388888888889,965,720000,0.5000870655655134,0.0038473446316709572
8a9d6b558c58e7f6,0,40,40,0.1,0.5,low,0.4,0.6,0.5,0.05895070154769968,5,best_fit,False,0.1,500,0.8938194444444452,500,False,,0.9993055555555556,1205,0,0.5,0.05895070154769968
d73b3b95be42b086,1,40,40,0.1,0.5,low,0.4,0.6,0.5,0.05717231796225254,5,best_fit,False,0.1,500,0.8819890873015871,500,False,,0.9993055555555556,1228,0,0.5,0.05717231796225254
51c0d63cfd9862e1,2,40,40,0.1,0.5,low,0.4,0.6,0.5,0.058233242780678623,5,best_fit,False,0.1,500,0.8781001984126986,7,True,7,1.0,723,0,0.5,0.058233242780678623
1e840a16dd90cf23,3,40,40,0.1,0.5,low,0.4,0.6,0.5,0.0562634262284621,5,best_fit,False,0.1,500,0.8869527116402128,7,True,7,1.0,751,0,0.5,0.0562634262284621
9de8594a7253c990,4,40,40,0.1,0.5,low,0.4,0.6,0.5,0.057641325042679915,5,best_fit,False,0.1,500,0.892707506613757,13,True,13,1.0,739,0,0.5,0.057641325042679915
929e086de0551bfb,5,40,40,0.1,0.5,low,0.4,0.6,0.5,0.058915600748713895,5,best_fit,False,0.1,500,0.866335978835979,7,True,7,1.0,715,0,0.5,0.058915600748713895
2035d4e9f4f58c2e,6,40,40,0.1,0.5,low,0.4,0.6,0.5,0.05849642388454247,5,best_fit,False,0.1,500,0.8870304232804246,13,True,13,1.0,773,0,0.5,0.05849642388454247
22963c6d1e3e8efa,7,40,40,0.1,0.5,low,0.4,0.6,0.5,0.05816957693473804,5,best_fit,False,0.1,500,0.8812508267195781,11,True,11,1.0,740,0,0.5,0.05816957693473804
5968a9fb535e817b,8,40,40,0.1,0.5,low,0.4,0.6,0.5,0.05627409109991527,5,best_fit,False,0.1,500,0.8752157738095248,7,True,7,1.0,750,0,0.5,0.05627409109991527
c666e66664890954,9,40,40,0.1,0.5,low,0.4,0.6,0.5,0.05825163886203581,5,best_fit,False,0.1,500,0.879465112433864,8,True,8,1.0,729,0,0.5,0.05825163886203581
78c2e9e4ba67c582,0,40,40,0.1,0.5,low,0.4,0.6,0.5,0.05895070154769968,5,best_fit,True,0.1,500,0.9021676587301596,500,False,,1.0,749,720000,0.5001034596298345,0.003107248608128417
931a09198d0f0109,1,40,40,0.1,0.5,low,0.4,0.6,0.5,0.05717231796225254,5,best_fit,True,0.1,500,0.8925834986772492,500,False,,0.9993055555555556,1266,720000,0.4996562380680325,0.0024884776668984004
9b12f6848f131dbe,2,40,40,0.1,0.5,low,0.4,0.6,0.5,0.058233242780678623,5,best_fit,True,0.1,500,0.8926066468253978,500,False,,1.0,773,719999,0.49988651217694385,0.0040348091925642175
b9ba6c530987d283,3,40,40,0.1,0.5,low,0.4,0.6,0.5,0.0562634262284621,5,best_fit,True,0.1,500,0.9033250661375666,500,False,,1.0,1293,720000,0.4997307039161275,0.0033167148272691396
7a3c0ff810724001,4,40,40,0.1,0.5,low,0.4,0.6,0.5,0.057641325042679915,5,best_fit,True,0.1,500,0.9131498015873021,500,False,,1.0,791,719212,0.49999358922480225,0.003818932285188109
93e5ef3c352b4977,5,40,40,0.1,0.5,low,0.4,0.6,0.5,0.058915600748713895,5,best_fit,True,0.1,500,0.8855935846560861,500,False,,1.0,825,720000,0.4996878035545558,0.003621997448440996
32e45ea26883f38f,6,40,40,0.1,0.5,low,0.4,0.6,0.5,0.05849642388454247,5,best_fit,True,0.1,500,0.9017782738095246,500,False,,1.0,832,720000,0.49994960047450604,0.002659211502085831
8004b93549ed5b5f,7,40,40,0.1,0.5,low,0.4,0.6,0.5,0.05816957693473804,5,best_fit,True,0.1,500,0.8954323743386248,500,False,,0.9986111111111111,1466,719998,0.4997754062859225,0.003440396985245388
74855aa7fbb92103,8,40,40,0.1,0.5,low,0.4,0.6,0.5,0.05627409109991527,5,best_fit,True,0.1,500,0.89701884920635,500,False,,1.0,851,720000,0.5003667700489599,0.002338968397512021
c1a9eccf619ab344,9,40,40,0.1,0.5,low,0.4,0.6,0.5,0.05825163886203581,5,best_fit,True,0.1,500,0.893429232804233,500,False,,1.0,784,720000,0.5003137506992298,0.0038852847542206323
5cc39923e7d9c8aa,0,40,40,0.1,0.5,high,0.2,0.8,0.5,0.17587954470796718,1,random,False,0.1,500,0.7123892195767185,500,False,,0.8416666666666667,50589,0,0.5,0.17587954470796718
c423df9092c4d2ef,1,40,40,0.1,0.5,high,0.2,0.8,0.5,0.16888903074134623,1,random,False,0.1,500,0.7054034391534378,500,False,,0.8291666666666667,56327,0,0.5,0.16888903074134623
021e7251021321b6,2,40,40,0.1,0.5,high,0.2,0.8,0.5,0.17090812544423709,1,random,False,0.1,500,0.7317766203703694,500,False,,0.8583333333333333,54983,0,0.5,0.17090812544423709
f0324a5172b7b700,3,40,40,0.1,0.5,high,0.2,0.8,0.5,0.1776464612531081,1,random,False,0.1,500,0.714571759259258,500,False,,0.8270833333333333,59775,0,0.5,0.1776464612531081
0ce326fe583f15e0,4,40,40,0.1,0.5,high,0.2,0.8,0.5,0.1760657277614875,1,random,False,0.1,500,0.7131994047619029,500,False,,0.8340277777777778,60477,0,0.5,0.1760657277614875
bd6e05283b904278,5,40,40,0.1,0.5,high,0.2,0.8,0.5,0.17273778844959026,1,random,False,0.1,500,0.7321378968253958,500,False,,0.8625,52719,0,0.5,0.17273778844959026
f77adf79b8776711,6,40,40,0.1,0.5,high,0.2,0.8,0.5,0.17283652219430773,1,random,False,0.1,500,0.7202943121693111,500,False,,0.8444444444444444,49916,0,0.5,0.17283652219430773
d87bd0936f1c131b,7,40,40,0.1,0.5,high,0.2,0.8,0.5,0.17468318559367144,1,random,False,0.1,500,0.7197313161375651,500,False,,0.84375,49021,0,0.5,0.17468318559367144
099c9f6191962b9d,8,40,40,0.1,0.5,high,0.2,0.8,0.5,0.17300361191696526,1,random,False,0.1,500,0.7187814153439138,500,False,,0.8423611111111111,51434,0,0.5,0.17300361191696526
5ebdb217a0067cf6,9,40,40,0.1,0.5,high,0.2,0.8,0.5,0.17009581006951482,1,random,False,0.1,500,0.7152430555555545,500,False,,0.8375,54421,0,0.5,0.17009581006951482
9f0dae21e1d49751,0,40,40,0.1,0.5,high,0.2,0.8,0.5,0.17587954470796718,1,random,True,0.1,500,0.730315806878306,500,False,,0.8840277777777777,32441,720000,0.49914312346588535,0.009509566791024087
3252230adf719cdf,1,40,40,0.1,0.5,high,0.2,0.8,0.5,0.16888903074134623,1,random,True,0.1,500,0.7011557539682511,500,False,,0.8770833333333333,29840,719999,0.4994318684023903,0.010064719786445582
6232120c634b45e9,2,40,40,0.1,0.5,high,0.2,0.8,0.5,0.17090812544423709,1,random,True,0.1,500,0.7155365410052881,500,False,,0.8840277777777777,30931,720000,0.49957969818251924,0.006561976272674183
dbd96619d142d4c3,3,40,40,0.1,0.5,high,0.2,0.8,0.5,0.1776464612531081,1,random,True,0.1,500,0.7196155753968231,500,False,,0.8791666666666667,31622,720000,0.49956494129748036,0.010762000274429395
4b3c2c4d7c9f7afd,4,40,40,0.1,0.5,high,0.2,0.8,0.5,0.1760657277614875,1,random,True,0.1,500,0.7115071097883578,500,False,,0.8701388888888889,38013,720000,0.49970808390589566,0.01067545505912015
7cf5113020431f8c,5,40,40,0.1,0.5,high,0.2,0.8,0.5,0.17273778844959026,1,random,True,0.1,500,0.7080894510581986,500,False,,0.8652777777777778,39354,720000,0.499105778304664,0.011941976409860201
6a6312ccd0d9a4be,6,40,40,0.1,0.5,high,0.2,0.8,0.5,0.17283652219430773,1,random,True,0.1,500,0.723802083333332,500,False,,0.8756944444444444,38817,720000,0.4990785906569426,0.007624465821815072
f30b44c261bf0b8b,7,40,40,0.1,0.5,high,0.2,0.8,0.5,0.17468318559367144,1,random,True,0.1,500,0.7078811177248655,500,False,,0.8694444444444445,34470,719990,0.5000088085732408,0.00938257771460384
9547cb74adaed55b,8,40,40,0.1,0.5,high,0.2,0.8,0.5,0.17300361191696526,1,random,True,0.1,500,0.7104712301587276,500,False,,0.8826388888888889,38237,720000,0.5001760481187327,0.011332762651181744
7f7d3024f1c04794,9,40,40,0.1,0.5,high,0.2,0.8,0.5,0.17009581006951482,1,random,True,0.1,500,0.7012971230158714,500,False,,0.85625,33313,719999,0.5003879973699813,0.010679415630310322
667c79ef8be41575,0,40,40,0.1,0.5,high,0.2,0.8,0.5,0.17587954470796718,1,improving,False,0.1,500,0.6251868386243372,13,True,13,0.7111111111111111,464,0,0.5,0.17587954470796718
e9d63cce73b20eee,1,40,40,0.1,0.5,high,0.2,0.8,0.5,0.16888903074134623,1,improving,False,0.1,500,0.6228199404761886,13,True,13,0.6993055555555555,519,0,0.5,0.16888903074134623
0ed804a4e7017717,2,40,40,0.1,0.5,high,0.2,0.8,0.5,0.17090812544423709,1,improving,False,0.1,500,0.624862764550263,10,True,10,0.7076388888888889,466,0,0.5,0.17090812544423709
7eaf10495d943475,3,40,40,0.1,0.5,high,0.2,0.8,0.5,0.1776464612531081,1,improving,False,0.1,500,0.6194138558201047,7,True,7,0.7055555555555556,435,0,0.5,0.1776464612531081
3183463f1fe73e4f,4,40,40,0.1,0.5,high,0.2,0.8,0.5,0.1760657277614875,1,improving,False,0.1,500,0.6224264219576698,10,True,10,0.6979166666666666,446,0,0.5,0.1760657277614875
535f21631c9f301e,5,40,40,0.1,0.5,high,0.2,0.8,0.5,0.17273778844959026,1,improving,False,0.1,500,0.6196800595238079,9,True,9,0.6972222222222222,455,0,0.5,0.17273778844959026
07ca8ae82673f8a9,6,40,40,0.1,0.5,high,0.2,0.8,0.5,0.17283652219430773,1,improving,False,0.1,500,0.6357531415343897,9,True,9,0.7201388888888889,497,0,0.5,0.17283652219430773
887d1694d6a1bbc7,7,40,40,0.1,0.5,high,0.2,0.8,0.5,0.17468318559367144,1,improving,False,0.1,500,0.6322404100529088,12,True,12,0.7180555555555556,473,0,0.5,0.17468318559367144
87372d7b45d576e7,8,40,40,0.1,0.5,high,0.2,0.8,0.5,0.17300361191696526,1,improving,False,0.1,500,0.604651124338623,7,True,7,0.6756944444444445,365,0,0.5,0.17300361191696526
91e318db3d34a112,9,40,40,0.1,0.5,high,0.2,0.8,0.5,0.17009581006951482,1,improving,False,0.1,500,0.6193667328042308,7,True,7,0.70625,420,0,0.5,0.17009581006951482
9abfe90cbed86967,0,40,40,0.1,0.5,high,0.2,0.8,0.5,0.17587954470796718,1,improving,True,0.1,500,0.6638334986772466,500,False,,0.7895833333333333,638,720000,0.49927480329327445,0.00981980217122006
8c477355c6d6692e,1,40,40,0.1,0.5,high,0.2,0.8,0.5,0.16888903074134623,1,improving,True,0.1,500,0.640734126984125,500,False,,0.7805555555555556,576,719997,0.49972299603594067,0.009986761670541439
a7723ec50c20dc8a,2,40,40,0.1,0.5,high,0.2,0.8,0.5,0.17090812544423709,1,improving,True,0.1,500,0.6475380291005273,500,False,,0.7722222222222223,552,720000,0.5005937328539622,0.007524396465299927
692bb9237d102da0,3,40,40,0.1,0.5,high,0.2,0.8,0.5,0.1776464612531081,1,improving,True,0.1,500,0.6511516203703689,500,False,,0.7722222222222223,555,720000,0.49959106814103954,0.012081431854106189
dbd6613e8bc429c2,4,40,40,0.1,0.5,high,0.2,0.8,0.5,0.1760657277614875,1,improving,True,0.1,500,0.6507432208994701,500,False,,0.7722222222222223,570,720000,0.49972328484294243,0.010989259963791534
9730792a0ab065ad,5,40,40,0.1,0.5,high,0.2,0.8,0.5,0.17273778844959026,1,improving,True,0.1,500,0.6532630621693105,500,False,,0.7694444444444445,602,720000,0.49961849706889816,0.013036960788953812
4d7345f9782c124d,6,40,40,0.1,0.5,high,0.2,0.8,0.5,0.17283652219430773,1,improving,True,0.1,500,0.6629737103174576,500,False,,0.7854166666666667,611,720000,0.5000939774891572,0.00867533078045478
a55f1c10166e7089,7,40,40,0.1,0.5,high,0.2,0.8,0.5,0.17468318559367144,1,improving,True,0.1,500,0.6592600859788342,500,False,,0.7784722222222222,581,720000,0.5005546706134233,0.010305090757553786
0795caa149746496,8,40,40,0.1,0.5,high,0.2,0.8,0.5,0.17300361191696526,1,improving,True,0.1,500,0.6299016203703688,500,False,,0.7548611111111111,485,720000,0.5006522982889345,0.01221959223686822
d59f445353dda9f0,9,40,40,0.1,0.5,high,0.2,0.8,0.5,0.17009581006951482,1,improving,True,0.1,500,0.6476207010581998,500,False,,0.7701388888888889,521,720000,0.500731893557135,0.011298675042957503
f2cde9dba5f56269,0,40,40,0.1,0.5,high,0.2,0.8,0.5,0.17587954470796718,1,best_fit,False,0.1,500,0.7075818452380942,500,False,,0.8361111111111111,40548,0,0.5,0.17587954470796718
3efd0dc571dd8f4b,1,40,40,0.1,0.5,high,0.2,0.8,0.5,0.16888903074134623,1,best_fit,False,0.1,500,0.6908961640211627,500,False,,0.8208333333333333,41763,0,0.5,0.16888903074134623
c76c0ae595616fae,2,40,40,0.1,0.5,high,0.2,0.8,0.5,0.17090812544423709,1,best_fit,False,0.1,500,0.7066352513227501,500,False,,0.8472222222222222,42812,0,0.5,0.17090812544423709
daeb93e3863325ce,3,40,40,0.1,0.5,high,0.2,0.8,0.5,0.1776464612531081,1,best_fit,False,0.1,500,0.7178943452380943,500,False,,0.8527777777777777,43838,0,0.5,0.1776464612531081
f64daae653bb27e0,4,40,40,0.1,0.5,high,0.2,0.8,0.5,0.1760657277614875,1,best_fit,False,0.1,500,0.6951438492063483,500,False,,0.8208333333333333,38592,0,0.5,0.1760657277614875
e29764a9f7e31a93,5,40,40,0.1,0.5,high,0.2,0.8,0.5,0.17273778844959026,1,best_fit,False,0.1,500,0.7039277447089926,500,False,,0.8333333333333334,43222,0,0.5,0.17273778844959026
69369dc38a59d2ab,6,40,40,0.1,0.5,high,0.2,0.8,0.5,0.17283652219430773,1,best_fit,False,0.1,500,0.7230340608465596,500,False,,0.8513888888888889,46742,0,0.5,0.17283652219430773
f23889b6a781563b,7,40,40,0.1,0.5,high,0.2,0.8,0.5,0.17468318559367144,1,best_fit,False,0.1,500,0.7153703703703695,500,False,,0.8375,40419,0,0.5,0.17468318559367144
065a93bd076ef9d9,8,40,40,0.1,0.5,high,0.2,0.8,0.5,0.17300361191696526,1,best_fit,False,0.1,500,0.6988698743386227,500,False,,0.8270833333333333,37584,0,0.5,0.17300361191696526
a177b79e1cb4939d,9,40,40,0.1,0.5,high,0.2,0.8,0.5,0.17009581006951482,1,best_fit,False,0.1,500,0.6940219907407392,500,False,,0.8256944444444444,38106,0,0.5,0.17009581006951482
c77b0b58d73471c9,0,40,40,0.1,0.5,high,0.2,0.8,0.5,0.17587954470796718,1,best_fit,True,0.1,500,0.7254869378306859,500,False,,0.8729166666666667,34217,720000,0.49940954849111224,0.009897078543269168
e19761518f9c0596,1,40,40,0.1,0.5,high,0.2,0.8,0.5,0.16888903074134623,1,best_fit,True,0.1,500,0.707188326719574,500,False,,0.8715277777777778,29455,720000,0.49912005608670046,0.01008801188203044
6edbb7696ae603c9,2,40,40,0.1,0.5,high,0.2,0.8,0.5,0.17090812544423709,1,best_fit,True,0.1,500,0.7197048611111083,500,False,,0.8784722222222222,27820,720000,0.5002778744329947,0.006564515036286157
ef0e417595a03e29,3,40,40,0.1,0.5,high,0.2,0.8,0.5,0.1776464612531081,1,best_fit,True,0.1,500,0.7206977513227497,500,False,,0.8736111111111111,34921,720000,0.499317139746,0.011260005904450239
8edad437884516c3,4,40,40,0.1,0.5,high,0.2,0.8,0.5,0.1760657277614875,1,best_fit,True,0.1,500,0.7163707010581999,500,False,,0.875,29757,720000,0.5001890924570913,0.010776887901191455
20d3abef918bcf4d,5,40,40,0.1,0.5,high,0.2,0.8,0.5,0.17273778844959026,1,best_fit,True,0.1,500,0.7105968915343891,500,False,,0.8784722222222222,34611,720000,0.4992805995436882,0.012682512203318622
f008203a668e6041,6,40,40,0.1,0.5,high,0.2,0.8,0.5,0.17283652219430773,1,best_fit,True,0.1,500,0.7271990740740719,500,False,,0.86875,22506,720000,0.49988113258840106,0.007756500601506216
a670adf58178af8d,7,40,40,0.1,0.5,high,0.2,0.8,0.5,0.17468318559367144,1,best_fit,True,0.1,500,0.7187681878306864,500,False,,0.8770833333333333,31703,720000,0.4997383794454627,0.009578915629243508
7fb92b5378131bf6,8,40,40,0.1,0.5,high,0.2,0.8,0.5,0.17300361191696526,1,best_fit,True,0.1,500,0.7142344576719546,500,False,,0.8777777777777778,33076,720000,0.5000748587244034,0.011672749858652248
0983dcbd84c49144,9,40,40,0.1,0.5,high,0.2,0.8,0.5,0.17009581006951482,1,best_fit,True,0.1,500,0.7216749338624329,500,False,,0.86875,25870,720000,0.5002206011866153,0.010635234558506861
f6ae986b4b9ab587,0,40,40,0.1,0.5,high,0.2,0.8,0.5,0.17587954470796718,3,random,False,0.1,500,0.8446296296296307,500,False,,0.9611111111111111,38431,0,0.5,0.17587954470796718
5703b05a57d758cb,1,40,40,0.1,0.5,high,0.2,0.8,0.5,0.16888903074134623,3,random,False,0.1,500,0.85697833994709,500,False,,0.96875,31602,0,0.5,0.16888903074134623
7b6a10402e8fff10,2,40,40,0.1,0.5,high,0.2,0.8,0.5,0.17090812544423709,3,random,False,0.1,500,0.8495502645502656,500,False,,0.9701388888888889,29821,0,0.5,0.17090812544423709
4ebd54668063c313,3,40,40,0.1,0.5,high,0.2,0.8,0.5,0.1776464612531081,3,random,False,0.1,500,0.8429034391534393,500,False,,0.9520833333333333,38165,0,0.5,0.1776464612531081
18a8454a384df4fe,4,40,40,0.1,0.5,high,0.2,0.8,0.5,0.1760657277614875,3,random,False,0.1,500,0.8608738425925926,500,False,,0.9722222222222222,30435,0,0.5,0.1760657277614875
453086ea02e802ba,5,40,40,0.1,0.5,high,0.2,0.8,0.5,0.17273778844959026,3,random,False,0.1,500,0.8569378306878306,500,False,,0.9645833333333333,37288,0,0.5,0.17273778844959026
e12f533dfcfeed92,6,40,40,0.1,0.5,high,0.2,0.8,0.5,0.17283652219430773,3,random,False,0.1,500,0.8527645502645512,500,False,,0.96875,34398,0,0.5,0.17283652219430773
9ef712568fd1d96f,7,40,40,0.1,0.5,high,0.2,0.8,0.5,0.17468318559367144,3,random,False,0.1,500,0.8422106481481489,500,False,,0.9569444444444445,37250,0,0.5,0.17468318559367144
9bdcf5178f2fe7d7,8,40,40,0.1,0.5,high,0.2,0.8,0.5,0.17300361191696526,3,random,False,0.1,500,0.8413831018518517,500,False,,0.9548611111111112,38691,0,0.5,0.17300361191696526
395601dbf6d2ce42,9,40,40,0.1,0.5,high,0.2,0.8,0.5,0.17009581006951482,3,random,False,0.1,500,0.8380952380952384,500,False,,0.9604166666666667,32447,0,0.5,0.17009581006951482
2236c22945414ca5,0,40,40,0.1,0.5,high,0.2,0.8,0.5,0.17587954470796718,3,random,True,0.1,500,0.86164599867725,500,False,,0.99375,7264,719999,0.49898855405235815,0.010328051159365331
7ed5ff6e688601dd,1,40,40,0.1,0.5,high,0.2,0.8,0.5,0.16888903074134623,3,random,True,0.1,500,0.8697131283068785,500,False,,0.9979166666666667,5822,720000,0.49927454422982415,0.011384817006231507
f295f21b8e784322,2,40,40,0.1,0.5,high,0.2,0.8,0.5,0.17090812544423709,3,random,True,0.1,500,0.8543138227513235,500,False,,0.9972222222222222,7050,720000,0.4992471850750531,0.0075919745855418
df43fc47cdd1cb10,3,40,40,0.1,0.5,high,0.2,0.8,0.5,0.1776464612531081,3,random,True,0.1,500,0.8591178902116405,500,False,,1.0,4762,720000,0.49888370258943215,0.010095262140090431
f8d1c608c7b741f7,4,40,40,0.1,0.5,high,0.2,0.8,0.5,0.1760657277614875,3,random,True,0.1,500,0.8601975859788368,500,False,,0.9993055555555556,4781,719917,0.4989923749049955,0.010652053023316215
01bab4b3ec0ac846,5,40,40,0.1,0.5,high,0.2,0.8,0.5,0.17273778844959026,3,random,True,0.1,500,0.8666633597883592,500,False,,0.9993055555555556,7252,719988,0.4985530923976411,0.011682160304426505
e0a6faafd12f6588,6,40,40,0.1,0.5,high,0.2,0.8,0.5,0.17283652219430773,3,random,True,0.1,500,0.8710763888888907,500,False,,0.9979166666666667,5359,720000,0.500126149198247,0.006969573094248539
02612e08123362ce,7,40,40,0.1,0.5,high,0.2,0.8,0.5,0.17468318559367144,3,random,True,0.1,500,0.8626388888888894,500,False,,0.9986111111111111,5004,720000,0.4989127777083238,0.009072981285563775
c8e3caf69f063737,8,40,40,0.1,0.5,high,0.2,0.8,0.5,0.17300361191696526,3,random,True,0.1,500,0.8526140873015883,500,False,,0.9979166666666667,5465,720000,0.4987489256545648,0.012154542370806275
3658474e6b4c3141,9,40,40,0.1,0.5,high,0.2,0.8,0.5,0.17009581006951482,3,random,True,0.1,500,0.855966435185185,500,False,,0.9986111111111111,5977,720000,0.5003234657944717,0.01053051789940459
c6bb5d0eab701bbc,0,40,40,0.1,0.5,high,0.2,0.8,0.5,0.17587954470796718,3,improving,False,0.1,500,0.8115509259259255,11,True,11,0.9583333333333334,1015,0,0.5,0.17587954470796718
c6e95c9fc60f4dd9,1,40,40,0.1,0.5,high,0.2,0.8,0.5,0.16888903074134623,3,improving,False,0.1,500,0.8088095238095243,8,True,8,0.9604166666666667,992,0,0.5,0.16888903074134623
e17ed60aa5b6c901,2,40,40,0.1,0.5,high,0.2,0.8,0.5,0.17090812544423709,3,improving,False,0.1,500,0.8132647156084665,11,True,11,0.9652777777777778,994,0,0.5,0.17090812544423709
f3e30ca01fee4731,3,40,40,0.1,0.5,high,0.2,0.8,0.5,0.1776464612531081,3,improving,False,0.1,500,0.801537698412698,12,True,12,0.9506944444444444,995,0,0.5,0.1776464612531081
4a8cda2ff2ac553b,4,40,40,0.1,0.5,high,0.2,0.8,0.5,0.1760657277614875,3,improving,False,0.1,500,0.8100892857142854,10,True,10,0.9548611111111112,949,0,0.5,0.1760657277614875
79f36b2d65512cd1,5,40,40,0.1,0.5,high,0.2,0.8,0.5,0.17273778844959026,3,improving,False,0.1,500,0.8016600529100527,10,True,10,0.9451388888888889,976,0,0.5,0.17273778844959026
e333441f3bd0dfb6,6,40,40,0.1,0.5,high,0.2,0.8,0.5,0.17283652219430773,3,improving,False,0.1,500,0.8160920965608456,10,True,10,0.9631944444444445,1009,0,0.5,0.17283652219430773
62d8e0b401f3eb2e,7,40,40,0.1,0.5,high,0.2,0.8,0.5,0.17468318559367144,3,improving,False,0.1,500,0.8204001322751323,10,True,10,0.9548611111111112,1008,0,0.5,0.17468318559367144
c4c3a831a8357c11,8,40,40,0.1,0.5,high,0.2,0.8,0.5,0.17300361191696526,3,improving,False,0.1,500,0.8097461970899471,10,True,10,0.9555555555555556,984,0,0.5,0.17300361191696526
ff78e0bb30b9b9eb,9,40,40,0.1,0.5,high,0.2,0.8,0.5,0.17009581006951482,3,improving,False,0.1,500,0.7936946097883596,8,True,8,0.9534722222222223,981,0,0.5,0.17009581006951482
1f93bf9848672c88,0,40,40,0.1,0.5,high,0.2,0.8,0.5,0.17587954470796718,3,improving,True,0.1,500,0.8550834986772498,500,False,,0.9909722222222223,1166,719999,0.5002494692561729,0.00915801587283562
8b4cf2b35f6cbfb6,1,40,40,0.1,0.5,high,0.2,0.8,0.5,0.16888903074134623,3,improving,True,0.1,500,0.8496643518518522,500,False,,0.9847222222222223,1155,720000,0.5010175797136621,0.011269961969760383
ab525f3bc304bf6d,2,40,40,0.1,0.5,high,0.2,0.8,0.5,0.17090812544423709,3,improving,True,0.1,500,0.8456994047619054,500,False,,0.9805555555555555,1127,720000,0.4998846413603551,0.007051064060035741
0c6200b2c1ff5e5f,3,40,40,0.1,0.5,high,0.2,0.8,0.5,0.1776464612531081,3,improving,True,0.1,500,0.8355183531746033,500,False,,0.9840277777777777,1148,720000,0.49935089854000503,0.010469037731809256
a9cb2c6ddb41d27a,4,40,40,0.1,0.5,high,0.2,0.8,0.5,0.1760657277614875,3,improving,True,0.1,500,0.8484639550264544,500,False,,0.9840277777777777,1076,720000,0.5008065901815587,0.012278173439631267
f23fba1a72b4703e,5,40,40,0.1,0.5,high,0.2,0.8,0.5,0.17273778844959026,3,improving,True,0.1,500,0.829843750000001,500,False,,0.9777777777777777,1089,720000,0.5002564030570751,0.010751920215746462
e2e9d63c8e43d0ee,6,40,40,0.1,0.5,high,0.2,0.8,0.5,0.17283652219430773,3,improving,True,0.1,500,0.8474751984126996,500,False,,0.9784722222222222,1126,720000,0.5001093316863952,0.008304801531613006
06b3e0f4846d9c4f,7,40,40,0.1,0.5,high,0.2,0.8,0.5,0.17468318559367144,3,improving,True,0.1,500,0.8464930555555565,500,False,,0.9826388888888888,1094,720000,0.49990306429447695,0.010764860476041825
f02400331393446c,8,40,40,0.1,0.5,high,0.2,0.8,0.5,0.17300361191696526,3,improving,True,0.1,500,0.8432159391534385,500,False,,0.9875,1144,720000,0.49969693946259836,0.011946280165197552
8b4398682518a0aa,9,40,40,0.1,0.5,high,0.2,0.8,0.5,0.17009581006951482,3,improving,True,0.1,500,0.8416724537037044,500,False,,0.9854166666666667,1180,720000,0.49972943936933156,0.011121973344606873
7503bc412e071efa,0,40,40,0.1,0.5,high,0.2,0.8,0.5,0.17587954470796718,3,best_fit,False,0.1,500,0.8472056878306887,500,False,,0.9777777777777777,17817,0,0.5,0.17587954470796718
9a16832ba2131bff,1,40,40,0.1,0.5,high,0.2,0.8,0.5,0.16888903074134623,3,best_fit,False,0.1,500,0.8348578042328044,500,False,,0.9854166666666667,12295,0,0.5,0.16888903074134623
95295c3408fb327a,2,40,40,0.1,0.5,high,0.2,0.8,0.5,0.17090812544423709,3,best_fit,False,0.1,500,0.8435342261904771,500,False,,0.9791666666666666,17783,0,0.5,0.17090812544423709
7d4ad6293254ebf3,3,40,40,0.1,0.5,high,0.2,0.8,0.5,0.1776464612531081,3,best_fit,False,0.1,500,0.8389178240740741,500,False,,0.9861111111111112,12275,0,0.5,0.1776464612531081
2e50e141ee2beada,4,40,40,0.1,0.5,high,0.2,0.8,0.5,0.1760657277614875,3,best_fit,False,0.1,500,0.8454464285714292,500,False,,0.9798611111111111,16871,0,0.5,0.1760657277614875
fbfabe2e014bbb78,5,40,40,0.1,0.5,high,0.2,0.8,0.5,0.17273778844959026,3,best_fit,False,0.1,500,0.8464914021164032,500,False,,0.98125,15893,0,0.5,0.17273778844959026
b281c4405c8101d2,6,40,40,0.1,0.5,high,0.2,0.8,0.5,0.17283652219430773,3,best_fit,False,0.1,500,0.8519766865079378,500,False,,0.9854166666666667,13512,0,0.5,0.17283652219430773
0100647f0f37c91f,7,40,40,0.1,0.5,high,0.2,0.8,0.5,0.17468318559367144,3,best_fit,False,0.1,500,0.8498925264550272,500,False,,0.9847222222222223,12821,0,0.5,0.17468318559367144
d2085acc7c4a5891,8,40,40,0.1,0.5,high,0.2,0.8,0.5,0.17300361191696526,3,best_fit,False,0.1,500,0.8388062169312175,500,False,,0.9756944444444444,20758,0,0.5,0.17300361191696526
9a0c4ace1fc2d0d8,9,40,40,0.1,0.5,high,0.2,0.8,0.5,0.17009581006951482,3,best_fit,False,0.1,500,0.8475653108465614,500,False,,0.9847222222222223,11210,0,0.5,0.17009581006951482
56c1bd89242686ad,0,40,40,0.1,0.5,high,0.2,0.8,0.5,0.17587954470796718,3,best_fit,True,0.1,500,0.8764657738095254,500,False,,0.9986111111111111,2299,720000,0.5007156077632203,0.011246812840253424
d1d08c5ee55a5162,1,40,40,0.1,0.5,high,0.2,0.8,0.5,0.16888903074134623,3,best_fit,True,0.1,500,0.8735284391534408,500,False,,0.9979166666666667,2999,720000,0.5001188399354793,0.011555982642172396
ac833fa6c379f487,2,40,40,0.1,0.5,high,0.2,0.8,0.5,0.17090812544423709,3,best_fit,True,0.1,500,0.8735176917989426,500,False,,0.9979166666666667,3288,720000,0.5000801082024687,0.008045555779923773
c2666dc7bfb54f74,3,40,40,0.1,0.5,high,0.2,0.8,0.5,0.1776464612531081,3,best_fit,True,0.1,500,0.8744336970899482,500,False,,0.9965277777777778,4125,720000,0.500201505647532,0.011311542975657628
72fd54bf143ee5db,4,40,40,0.1,0.5,high,0.2,0.8,0.5,0.1760657277614875,3,best_fit,True,0.1,500,0.880175264550266,500,False,,0.99375,4723,720000,0.5005392353512305,0.011489550377923706
ab39f870b91c0768,5,40,40,0.1,0.5,high,0.2,0.8,0.5,0.17273778844959026,3,best_fit,True,0.1,500,0.8632481812169309,500,False,,0.9944444444444445,6646,720000,0.49931600240496293,0.011696708006909008
9271c3705e9cb054,6,40,40,0.1,0.5,high,0.2,0.8,0.5,0.17283652219430773,3,best_fit,True,0.1,500,0.8812508267195784,500,False,,0.9972222222222222,3667,720000,0.5011542114652289,0.008657074154139292
b231d84b2ae1fbdf,7,40,40,0.1,0.5,high,0.2,0.8,0.5,0.17468318559367144,3,best_fit,True,0.1,500,0.8716732804232816,500,False,,0.9958333333333333,4284,719999,0.5005033681044355,0.009760378438076667
023fc2d8bf84d9aa,8,40,40,0.1,0.5,high,0.2,0.8,0.5,0.17300361191696526,3,best_fit,True,0.1,500,0.8669494047619051,500,False,,0.9972222222222222,3184,720000,0.500476138424377,0.01262397015351532
8b42c5e7b3513d18,9,40,40,0.1,0.5,high,0.2,0.8,0.5,0.17009581006951482,3,best_fit,True,0.1,500,0.8744246031746056,500,False,,0.9958333333333333,3460,720000,0.5002268156949934,0.011908394187843837
7300309bbf1fb434,0,40,40,0.1,0.5,high,0.2,0.8,0.5,0.17587954470796718,5,random,False,0.1,500,0.8793253968253973,500,False,,0.9854166666666667,19689,0,0.5,0.17587954470796718
0cb2e2bf5ec2bfa8,1,40,40,0.1,0.5,high,0.2,0.8,0.5,0.16888903074134623,5,random,False,0.1,500,0.888138227513227,500,False,,0.9965277777777778,8343,0,0.5,0.16888903074134623
71ff42425459a102,2,40,40,0.1,0.5,high,0.2,0.8,0.5,0.17090812544423709,5,random,False,0.1,500,0.8875694444444447,500,False,,0.9923611111111111,14409,0,0.5,0.17090812544423709
b4bcd5a85f3506f8,3,40,40,0.1,0.5,high,0.2,0.8,0.5,0.1776464612531081,5,random,False,0.1,500,0.888059689153439,500,False,,0.9930555555555556,18853,0,0.5,0.1776464612531081
ed1f86cddac83e88,4,40,40,0.1,0.5,high,0.2,0.8,0.5,0.1760657277614875,5,random,False,0.1,500,0.877463624338624,500,False,,0.9756944444444444,25322,0,0.5,0.1760657277614875
4f1489ab7b4cc98a,5,40,40,0.1,0.5,high,0.2,0.8,0.5,0.17273778844959026,5,random,False,0.1,500,0.866592261904762,500,False,,0.9805555555555555,26595,0,0.5,0.17273778844959026
007d4525686e6b3b,6,40,40,0.1,0.5,high,0.2,0.8,0.5,0.17283652219430773,5,random,False,0.1,500,0.882871197089947,500,False,,0.9847222222222223,19385,0,0.5,0.17283652219430773
7b82ae799b4d14c6,7,40,40,0.1,0.5,high,0.2,0.8,0.5,0.17468318559367144,5,random,False,0.1,500,0.8676223544973551,500,False,,0.9694444444444444,26358,0,0.5,0.17468318559367144
e80fb9edd403becc,8,40,40,0.1,0.5,high,0.2,0.8,0.5,0.17300361191696526,5,random,False,0.1,500,0.8684573412698413,500,False,,0.9770833333333333,31019,0,0.5,0.17300361191696526
7c546bcfd7b01a0f,9,40,40,0.1,0.5,high,0.2,0.8,0.5,0.17009581006951482,5,random,False,0.1,500,0.8811160714285718,500,False,,0.9923611111111111,13071,0,0.5,0.17009581006951482
0f4e1486f6142cee,0,40,40,0.1,0.5,high,0.2,0.8,0.5,0.17587954470796718,5,random,True,0.1,500,0.886971726190477,500,False,,1.0,2933,720000,0.4996263966827967,0.01077929798185817
ac374d447a282019,1,40,40,0.1,0.5,high,0.2,0.8,0.5,0.16888903074134623,5,random,True,0.1,500,0.8932961309523806,500,False,,1.0,2734,720000,0.4995648917230876,0.012035840458422122
c4e0069045507646,2,40,40,0.1,0.5,high,0.2,0.8,0.5,0.17090812544423709,5,random,True,0.1,500,0.8876719576719589,500,False,,1.0,3196,719999,0.49994301061102026,0.005765300049014855
6b21d9354db642f7,3,40,40,0.1,0.5,high,0.2,0.8,0.5,0.1776464612531081,5,random,True,0.1,500,0.8852893518518526,500,False,,1.0,2971,719186,0.4997785206384338,0.0106029177999309
adb61b1b11831f82,4,40,40,0.1,0.5,high,0.2,0.8,0.5,0.1760657277614875,5,random,True,0.1,500,0.879272486772488,500,False,,1.0,2972,720000,0.49921125554037815,0.009213198780058877
ddb99e166f5f2ba9,5,40,40,0.1,0.5,high,0.2,0.8,0.5,0.17273778844959026,5,random,True,0.1,500,0.8819163359788375,500,False,,1.0,2984,720000,0.49919021357397214,0.009900408864626004
c844a4858bc7ad1d,6,40,40,0.1,0.5,high,0.2,0.8,0.5,0.17283652219430773,5,random,True,0.1,500,0.8863301917989426,500,False,,1.0,2931,720000,0.4988044714574226,0.007708985347931812
31afcf63f0ed157c,7,40,40,0.1,0.5,high,0.2,0.8,0.5,0.17468318559367144,5,random,True,0.1,500,0.8835672949735454,500,False,,1.0,3290,720000,0.49901795654979125,0.009163216751089255
c8abd19e4db6720c,8,40,40,0.1,0.5,high,0.2,0.8,0.5,0.17300361191696526,5,random,True,0.1,500,0.8782919973544979,500,False,,1.0,3246,720000,0.4989895809181367,0.010838576025489722
f7b669744ceea18e,9,40,40,0.1,0.5,high,0.2,0.8,0.5,0.17009581006951482,5,random,True,0.1,500,0.875676256613757,500,False,,1.0,3063,720000,0.4994910759187174,0.00820690958086437
772798d24cd6c8ec,0,40,40,0.1,0.5,high,0.2,0.8,0.5,0.17587954470796718,5,improving,False,0.1,500,0.850429067460318,9,True,9,0.9840277777777777,1013,0,0.5,0.17587954470796718
8050b72dbf73b48d,1,40,40,0.1,0.5,high,0.2,0.8,0.5,0.16888903074134623,5,improving,False,0.1,500,0.8360292658730163,8,True,8,0.98125,1059,0,0.5,0.16888903074134623
82c509b7667ad999,2,40,40,0.1,0.5,high,0.2,0.8,0.5,0.17090812544423709,5,improving,False,0.1,500,0.8445105820105833,10,True,10,0.9861111111111112,1054,0,0.5,0.17090812544423709
60e22fd94fd8696c,3,40,40,0.1,0.5,high,0.2,0.8,0.5,0.1776464612531081,5,improving,False,0.1,500,0.850023974867726,10,True,10,0.9868055555555556,1099,0,0.5,0.1776464612531081
62bf8b36b0c270ef,4,40,40,0.1,0.5,high,0.2,0.8,0.5,0.1760657277614875,5,improving,False,0.1,500,0.8483052248677256,13,True,13,0.9916666666666667,1011,0,0.5,0.1760657277614875
836251ae4fbbc318,5,40,40,0.1,0.5,high,0.2,0.8,0.5,0.17273778844959026,5,improving,False,0.1,500,0.8413442460317466,11,True,11,0.9833333333333333,1059,0,0.5,0.17273778844959026
3d9e91047107286a,6,40,40,0.1,0.5,high,0.2,0.8,0.5,0.17283652219430773,5,improving,False,0.1,500,0.8501256613756619,7,True,7,0.9909722222222223,1041,0,0.5,0.17283652219430773
6eca5c25d2f03f46,7,40,40,0.1,0.5,high,0.2,0.8,0.5,0.17468318559367144,5,improving,False,0.1,500,0.8455274470899468,9,True,9,0.9868055555555556,1087,0,0.5,0.17468318559367144
17f366747068d10a,8,40,40,0.1,0.5,high,0.2,0.8,0.5,0.17300361191696526,5,improving,False,0.1,500,0.8331258267195778,10,True,10,0.9819444444444444,1106,0,0.5,0.17300361191696526
37d85cdb36512b9f,9,40,40,0.1,0.5,high,0.2,0.8,0.5,0.17009581006951482,5,improving,False,0.1,500,0.8398677248677261,9,True,9,0.99375,1039,0,0.5,0.17009581006951482
9b214fee07a2a102,0,40,40,0.1,0.5,high,0.2,0.8,0.5,0.17587954470796718,5,improving,True,0.1,500,0.8829646164021164,500,False,,0.9993055555555556,1109,720000,0.501091741781104,0.008515202603050153
dd7cedd4c0983b41,1,40,40,0.1,0.5,high,0.2,0.8,0.5,0.16888903074134623,5,improving,True,0.1,500,0.8842997685185191,500,False,,1.0,1215,719999,0.4999515536415375,0.011281200426685003
1746ab405730f12d,2,40,40,0.1,0.5,high,0.2,0.8,0.5,0.17090812544423709,5,improving,True,0.1,500,0.8799487433862442,500,False,,0.9972222222222222,1149,720000,0.5004391885419435,0.006810665542740048
15291027feb597d5,3,40,40,0.1,0.5,high,0.2,0.8,0.5,0.1776464612531081,5,improving,True,0.1,500,0.8777901785714294,500,False,,0.9993055555555556,1180,720000,0.4995142716230087,0.012392082617749309
abd84b12e09acbd7,4,40,40,0.1,0.5,high,0.2,0.8,0.5,0.1760657277614875,5,improving,True,0.1,500,0.8789054232804239,500,False,,0.9965277777777778,1143,720000,0.5007282728411472,0.01162470130071247
9ae01ca66ce469ea,5,40,40,0.1,0.5,high,0.2,0.8,0.5,0.17273778844959026,5,improving,True,0.1,500,0.8769246031746047,500,False,,0.9979166666666667,1160,720000,0.49997175784139586,0.011692980657536916
79c8fd0241e8a4d2,6,40,40,0.1,0.5,high,0.2,0.8,0.5,0.17283652219430773,5,improving,True,0.1,500,0.8859705687830689,500,False,,0.9972222222222222,1173,719999,0.4999635266796987,0.008444742915032848
3c91d429cd2df58c,7,40,40,0.1,0.5,high,0.2,0.8,0.5,0.17468318559367144,5,improving,True,0.1,500,0.8842848875661378,500,False,,0.9986111111111111,1236,719999,0.5008480948911178,0.009390113293036448
aebbbb487dddd166,8,40,40,0.1,0.5,high,0.2,0.8,0.5,0.17300361191696526,5,improving,True,0.1,500,0.881363260582012,500,False,,0.9972222222222222,1261,720000,0.5002953328508477,0.010773425897479292
99588de55aa77a8e,9,40,40,0.1,0.5,high,0.2,0.8,0.5,0.17009581006951482,5,improving,True,0.1,500,0.8764070767195781,500,False,,0.9986111111111111,1156,720000,0.5009485053938083,0.010300035213159076
1b2a7d2e1a951d20,0,40,40,0.1,0.5,high,0.2,0.8,0.5,0.17587954470796718,5,best_fit,False,0.1,500,0.8815038029100524,500,False,,0.9958333333333333,3872,0,0.5,0.17587954470796718
1793037c06026f5e,1,40,40,0.1,0.5,high,0.2,0.8,0.5,0.16888903074134623,5,best_fit,False,0.1,500,0.8661251653439148,500,False,,0.9923611111111111,6109,0,0.5,0.16888903074134623
7d733f4cf5be6507,2,40,40,0.1,0.5,high,0.2,0.8,0.5,0.17090812544423709,5,best_fit,False,0.1,500,0.8664657738095253,500,False,,0.9951388888888889,4462,0,0.5,0.17090812544423709
23a17c545a87de2f,3,40,40,0.1,0.5,high,0.2,0.8,0.5,0.1776464612531081,5,best_fit,False,0.1,500,0.873020833333334,500,False,,0.9958333333333333,4071,0,0.5,0.1776464612531081
b6978b553981ddf2,4,40,40,0.1,0.5,high,0.2,0.8,0.5,0.1760657277614875,5,best_fit,False,0.1,500,0.8753571428571432,500,False,,0.9930555555555556,6199,0,0.5,0.1760657277614875
0885aef98b3c68c6,5,40,40,0.1,0.5,high,0.2,0.8,0.5,0.17273778844959026,5,best_fit,False,0.1,500,0.8591162367724875,500,False,,0.99375,5601,0,0.5,0.17273778844959026
7b93ac8dd1d393bd,6,40,40,0.1,0.5,high,0.2,0.8,0.5,0.17283652219430773,5,best_fit,False,0.1,500,0.8827339616402125,500,False,,0.9958333333333333,3926,0,0.5,0.17283652219430773
93597605ff7e60aa,7,40,40,0.1,0.5,high,0.2,0.8,0.5,0.17468318559367144,5,best_fit,False,0.1,500,0.8851033399470891,500,False,,0.9923611111111111,6368,0,0.5,0.17468318559367144
986327586ff99acc,8,40,40,0.1,0.5,high,0.2,0.8,0.5,0.17300361191696526,5,best_fit,False,0.1,500,0.8645477843915338,500,False,,0.9944444444444445,4867,0,0.5,0.17300361191696526
0533ebeae52c15f8,9,40,40,0.1,0.5,high,0.2,0.8,0.5,0.17009581006951482,5,best_fit,False,0.1,500,0.8726215277777785,500,False,,0.9965277777777778,3493,0,0.5,0.17009581006951482
323410d9e15f71f2,0,40,40,0.1,0.5,high,0.2,0.8,0.5,0.17587954470796718,5,best_fit,True,0.1,500,0.9111276455026459,500,False,,1.0,884,719999,0.5013884366494761,0.010129905148565784
d99c99594b070bd6,1,40,40,0.1,0.5,high,0.2,0.8,0.5,0.16888903074134623,5,best_fit,True,0.1,500,0.9086375661375672,500,False,,1.0,970,720000,0.50217125585138,0.012040044874484014
75e1e1255107c282,2,40,40,0.1,0.5,high,0.2,0.8,0.5,0.17090812544423709,5,best_fit,True,0.1,500,0.8937037037037039,500,False,,1.0,1355,720000,0.5007639466009628,0.006966774697064181
bec5b3db8a43b392,3,40,40,0.1,0.5,high,0.2,0.8,0.5,0.1776464612531081,5,best_fit,True,0.1,500,0.9011400462962986,500,False,,1.0,978,719999,0.5017616920247423,0.010921876082677608
326f49739a8d51a4,4,40,40,0.1,0.5,high,0.2,0.8,0.5,0.1760657277614875,5,best_fit,True,0.1,500,0.9016608796296312,500,False,,1.0,1049,719998,0.5009935156793452,0.011979268869488715
83646860f1115de2,5,40,40,0.1,0.5,high,0.2,0.8,0.5,0.17273778844959026,5,best_fit,True,0.1,500,0.9025405092592599,500,False,,1.0,1090,719010,0.500312236690369,0.01184596022820195
f1868e6c774d71a3,6,40,40,0.1,0.5,high,0.2,0.8,0.5,0.17283652219430773,5,best_fit,True,0.1,500,0.9096717923280431,500,False,,0.9993055555555556,1434,720000,0.5012250738451992,0.009664768043703456
20a4e159edcd4815,7,40,40,0.1,0.5,high,0.2,0.8,0.5,0.17468318559367144,5,best_fit,True,0.1,500,0.9098412698412708,500,False,,1.0,984,720000,0.5012458914809294,0.010991200702750883
67f818ea450956ac,8,40,40,0.1,0.5,high,0.2,0.8,0.5,0.17300361191696526,5,best_fit,True,0.1,500,0.8937127976190479,500,False,,1.0,933,720000,0.500924452923667,0.011948680764928951
bfaadbea21b5bf98,9,40,40,0.1,0.5,high,0.2,0.8,0.5,0.17009581006951482,5,best_fit,True,0.1,500,0.8944477513227533,500,False,,1.0,1014,720000,0.5005419771712778,0.009275534414936493
